country,region,entity_type,category,period_type,time_period,total,previous_total,previous_year_total,absolute_change,relative_change,year_over_year_change,commitment_total,disbursement_total,ratio_denominator_eligible,disbursement_commitment_ratio,materiality_percentile,materiality_band,row_id,record_key,severity,reason_codes,detectors,signal_count,detector_count,corroborated,anomaly_score,model_segments,messages,evidence,recommended_actions,current_amount_usd_m,comparison_amount_usd_m,change_amount_usd_m,change_percent,review_status,review_outcome,reviewer,review_notes,reviewed_at,review_confidence,evidence_url
Liberia,AFRICA,country,Commitments,annual,FY15,257.0,22.0,22.0,235.0,10.681818181818182,10.681818181818182,257.0,184.0,True,0.7159533073929961,0.762630014858841,significant,2306,ida_ac58915f3a004f88a9e8,critical,YEAR_OVER_YEAR_SHIFT | MULTIVARIATE_ANOMALY,statistical_process_control | isolation_forest,2,2,True,1.0,annual|Commitments|country,Total changed materially from the comparable prior-year period. | Record has an unusual financial profile within its period-and-category peer segment.,total=257.00; prior_year=22.00; change=1068.2% | relative_change normalized_deviation=58.84; year_over_year_change normalized_deviation=58.84; development_policy_share normalized_deviation=1.01,"Confirm whether the shift reflects approved financing activity or a data issue. | Review current versus prior values, financing mix, and supporting source records.",257.0,22.0,235.0,10.681818181818182,in_review,needs_more_information,AI-assisted public-evidence review,"Public releases confirm exceptional Ebola-response and development financing around FY15, but the reviewed evidence did not reconstruct the complete USD 257M commitment total.",2026-07-26T00:00:00Z,low,https://www.worldbank.org/en/news/press-release/2014/11/12/world-bank-supports-liberias-efforts-to-improve-governance-business-climate-education-and-strengthen-health-services-in-response-to-the-ebola-crisis
Mauritania,AFRICA WEST,country,Commitments,annual,FY20,293.0,23.0,23.0,270.0,11.73913043478261,11.73913043478261,293.0,106.0,True,0.36177474402730375,0.7782317979197623,significant,2182,ida_af8984f7be41ed9a8af2,critical,YEAR_OVER_YEAR_SHIFT | MULTIVARIATE_ANOMALY,statistical_process_control | isolation_forest,2,2,True,1.0,annual|Commitments|country,Total changed materially from the comparable prior-year period. | Record has an unusual financial profile within its period-and-category peer segment.,total=293.00; prior_year=23.00; change=1173.9% | relative_change normalized_deviation=64.62; year_over_year_change normalized_deviation=64.62; development_policy_share normalized_deviation=1.48,"Confirm whether the shift reflects approved financing activity or a data issue. | Review current versus prior values, financing mix, and supporting source records.",293.0,23.0,270.0,11.73913043478261,in_review,needs_more_information,AI-assisted public-evidence review,"Multiple FY20 IDA approvals were identified for Mauritania, but the public evidence reviewed did not reconstruct the complete USD 293M country total. Do not attribute the movement to a single program.",2026-07-26T00:00:00Z,low,https://www.worldbank.org/en/news/press-release/2020/04/01/mauritania-to-improve-its-health-system-and-delivery-of-essential-services
Nepal,SOUTH ASIA,country,Commitments,annual,FY17,640.0,20.0,20.0,620.0,31.0,31.0,640.0,319.0,True,0.4984375,0.8800148588410104,major,815,ida_c7798aa1e02f06d619b1,critical,YEAR_OVER_YEAR_SHIFT | MULTIVARIATE_ANOMALY,statistical_process_control | isolation_forest,2,2,True,1.0,annual|Commitments|country,Total changed materially from the comparable prior-year period. | Record has an unusual financial profile within its period-and-category peer segment.,total=640.00; prior_year=20.00; change=3100.0% | relative_change normalized_deviation=170.05; year_over_year_change normalized_deviation=170.05; development_policy_share normalized_deviation=1.36,"Confirm whether the shift reflects approved financing activity or a data issue. | Review current versus prior values, financing mix, and supporting source records.",640.0,20.0,620.0,31.0,in_review,needs_more_information,AI-assisted public-evidence review,"Several large FY17 IDA credits were located, including education and financial-sector operations, but the reviewed evidence did not fully reconstruct the USD 640M annual commitment total.",2026-07-26T00:00:00Z,medium,https://www.worldbank.org/en/news/press-release/2017/03/30/world-bank-approves-credit-for-ssdp
Nigeria,AFRICA WEST,country,Commitments,annual,FY20,2576.0,27.0,27.0,2549.0,94.4074074074074,94.4074074074074,2576.0,990.0,True,0.3843167701863354,0.9910846953937593,major,2151,ida_2da9d45d2b9bdb4ca4b3,critical,YEAR_OVER_YEAR_SHIFT | MULTIVARIATE_ANOMALY,statistical_process_control | isolation_forest,2,2,True,1.0,annual|Commitments|country,Total changed materially from the comparable prior-year period. | Record has an unusual financial profile within its period-and-category peer segment.,"total=2,576.00; prior_year=27.00; change=9440.7% | relative_change normalized_deviation=517.13; year_over_year_change normalized_deviation=517.13; disbursement_commitment_ratio normalized_deviation=1.25","Confirm whether the shift reflects approved financing activity or a data issue. | Review current versus prior values, financing mix, and supporting source records.",2576.0,27.0,2549.0,94.4074074074074,resolved,legitimate_exception,AI-assisted public-evidence review,"The World Bank FY2020 annual report independently lists Nigeria as the largest IDA country borrower with USD 2.576B of commitments, exactly matching the source record.",2026-07-26T00:00:00Z,high,https://www.worldbank.org/en/about/annual-report-2020/deploying-resources-strategically
Somalia,AFRICA EAST,country,Commitments,annual,FY20,902.0,98.0,98.0,804.0,8.204081632653061,8.204081632653061,902.0,520.0,True,0.5764966740576497,0.9264487369985142,major,2176,ida_69da0d77445aa7d7865d,critical,YEAR_OVER_YEAR_SHIFT | MULTIVARIATE_ANOMALY,statistical_process_control | isolation_forest,2,2,True,1.0,annual|Commitments|country,Total changed materially from the comparable prior-year period. | Record has an unusual financial profile within its period-and-category peer segment.,total=902.00; prior_year=98.00; change=820.4% | relative_change normalized_deviation=45.28; year_over_year_change normalized_deviation=45.28; development_policy_share normalized_deviation=4.58,"Confirm whether the shift reflects approved financing activity or a data issue. | Review current versus prior values, financing mix, and supporting source records.",902.0,98.0,804.0,8.204081632653061,resolved,legitimate_exception,AI-assisted public-evidence review,"The World Bank FY2020 annual report lists Somalia as an IDA top borrower at approximately USD 903M, matching the USD 902M source value after rounding. Somalia also cleared arrears and restored access to IDA resources in March 2020.",2026-07-26T00:00:00Z,high,https://www.worldbank.org/en/news/press-release/2020/03/05/somalia-clears-arrears-to-world-bank-group
Tanzania,AFRICA EAST,country,Commitments,annual,FY20,950.0,75.0,75.0,875.0,11.666666666666666,11.666666666666666,950.0,751.0,True,0.7905263157894736,0.9316493313521546,major,2159,ida_3ad76f4c6d16b77078e0,critical,YEAR_OVER_YEAR_SHIFT | MULTIVARIATE_ANOMALY,statistical_process_control | isolation_forest,2,2,True,1.0,annual|Commitments|country,Total changed materially from the comparable prior-year period. | Record has an unusual financial profile within its period-and-category peer segment.,total=950.00; prior_year=75.00; change=1166.7% | relative_change normalized_deviation=64.23; year_over_year_change normalized_deviation=64.23; disbursement_commitment_ratio normalized_deviation=1.03,"Confirm whether the shift reflects approved financing activity or a data issue. | Review current versus prior values, financing mix, and supporting source records.",950.0,75.0,875.0,11.666666666666666,resolved,legitimate_exception,AI-assisted public-evidence review,"The World Bank FY2020 annual report independently lists Tanzania as an IDA top country borrower with USD 950M of commitments, matching the source record. This supports validity of the unusual movement but does not prove every underlying component.",2026-07-26T00:00:00Z,high,https://www.worldbank.org/en/about/annual-report-2020/deploying-resources-strategically
Ukraine,EUROPE AND CENTRAL ASIA,country,Gross Disbursements,annual,FY23,984.0,26.0,26.0,958.0,36.84615384615385,36.84615384615385,0.0,984.0,False,,0.9505672609400324,major,2864,ida_a3a334f0406b476c38b0,critical,YEAR_OVER_YEAR_SHIFT | MULTIVARIATE_ANOMALY,statistical_process_control | isolation_forest,2,2,True,1.0,annual|Gross Disbursements|country,Total changed materially from the comparable prior-year period. | Record has an unusual financial profile within its period-and-category peer segment.,total=984.00; prior_year=26.00; change=3684.6% | relative_change normalized_deviation=76.17; year_over_year_change normalized_deviation=76.17; log1p_total normalized_deviation=0.86,"Confirm whether the shift reflects approved financing activity or a data issue. | Review current versus prior values, financing mix, and supporting source records.",984.0,26.0,958.0,36.84615384615385,resolved,legitimate_exception,AI-assisted public-evidence review,"The FY23 disbursement increase is consistent with publicly documented emergency financing mobilized and disbursed for Ukraine after the 2022 invasion. The public evidence supports legitimate exceptional activity, not a source-data error.",2026-07-26T00:00:00Z,high,https://www.worldbank.org/en/news/press-release/2023/02/24/additional-2-5-billion-mobilized-by-world-bank-to-support-continuity-of-government-services-recovery-efforts-in-ukraine
Uzbekistan,EUROPE AND CENTRAL ASIA,country,Gross Disbursements,annual,FY19,700.0,75.0,75.0,625.0,8.333333333333334,8.333333333333334,93.0,700.0,True,7.526881720430108,0.9254457050243112,major,3187,ida_90be1828dc85e038a962,critical,YEAR_OVER_YEAR_SHIFT | MULTIVARIATE_ANOMALY,statistical_process_control | isolation_forest,2,2,True,1.0,annual|Gross Disbursements|country,Total changed materially from the comparable prior-year period. | Record has an unusual financial profile within its period-and-category peer segment.,total=700.00; prior_year=75.00; change=833.3% | disbursement_commitment_ratio normalized_deviation=26.75; relative_change normalized_deviation=17.13; year_over_year_change normalized_deviation=17.13,"Confirm whether the shift reflects approved financing activity or a data issue. | Review current versus prior values, financing mix, and supporting source records.",700.0,75.0,625.0,8.333333333333334,in_review,needs_more_information,AI-assisted public-evidence review,"Public project and reform-financing records confirm substantial activity, but available evidence did not establish that the USD 700M gross IDA disbursement was driven by the cited operations rather than other portfolio flows.",2026-07-26T00:00:00Z,low,https://www.worldbank.org/en/news/press-release/2019/05/24/uzbekistan-institutional-capacity-building-project
Kenya,EASTERN AND SOUTHERN AFRICA,country,Commitments,quarterly,2026-Q3,1285.0,250.0,250.0,1035.0,4.14,4.14,1285.0,702.0,True,0.5463035019455252,0.9830508474576272,major,27,ida_03d079017ee3d8a355a5,high,YEAR_OVER_YEAR_SHIFT | MULTIVARIATE_ANOMALY,statistical_process_control | isolation_forest,2,2,True,0.8235104206404992,quarterly|Commitments|country,Total changed materially from the comparable prior-year period. | Record has an unusual financial profile within its period-and-category peer segment.,"total=1,285.00; prior_year=250.00; change=414.0% | relative_change normalized_deviation=4.56; year_over_year_change normalized_deviation=4.56; log1p_total normalized_deviation=1.72","Confirm whether the shift reflects approved financing activity or a data issue. | Review current versus prior values, financing mix, and supporting source records.",1285.0,250.0,1035.0,4.14,in_review,needs_more_information,AI-assisted data-only triage,The movement is internally consistent but its underlying project or country-program driver was not established in this data-only triage.,2026-07-26T00:00:00Z,low,https://financesone.worldbank.org/ida-commitments-and-disbursements-country-economy-summary/DS01557
Kosovo,EUROPE AND CENTRAL ASIA,country,Commitments,annual,FY24,140.0,20.0,20.0,120.0,6.0,6.0,140.0,26.0,True,0.18571428571428572,0.6905646359583952,significant,2679,ida_aea3ec12d7cb9e6a3e41,high,YEAR_OVER_YEAR_SHIFT | MULTIVARIATE_ANOMALY,statistical_process_control | isolation_forest,2,2,True,0.75,annual|Commitments|country,Total changed materially from the comparable prior-year period. | Record has an unusual financial profile within its period-and-category peer segment.,total=140.00; prior_year=20.00; change=600.0% | relative_change normalized_deviation=33.21; year_over_year_change normalized_deviation=33.21; development_policy_share normalized_deviation=6.21,"Confirm whether the shift reflects approved financing activity or a data issue. | Review current versus prior values, financing mix, and supporting source records.",140.0,20.0,120.0,6.0,in_review,needs_more_information,AI-assisted data-only triage,The movement is internally consistent but its underlying project or country-program driver was not established in this data-only triage.,2026-07-26T00:00:00Z,low,https://financesone.worldbank.org/ida-commitments-and-disbursements-country-economy-summary/DS01557
Ethiopia,EASTERN AND SOUTHERN AFRICA,country,Commitments,quarterly,2026-Q3,2149.0,2380.0,2380.0,-231.0,-0.09705882352941177,-0.09705882352941177,2149.0,1976.0,True,0.9194974406700791,0.9915254237288136,major,26,ida_abd3259c8f656b83a7fb,high,NEGATIVE_AMOUNT | MULTIVARIATE_ANOMALY,rule | isolation_forest,2,2,True,0.6513162260116658,quarterly|Commitments|country,others is negative and may represent a correction or reversal. | Record has an unusual financial profile within its period-and-category peer segment.,others=-0.20 | log1p_total normalized_deviation=1.85; investment_lending_share normalized_deviation=0.47; development_policy_share normalized_deviation=0.47,"Confirm the adjustment against source documentation before reporting. | Review current versus prior values, financing mix, and supporting source records.",2149.0,2380.0,-231.0,-0.09705882352941177,in_review,needs_more_information,AI-assisted data-only triage,The negative value may represent a correction or reversal. Source transaction or adjustment documentation is required before classification.,2026-07-26T00:00:00Z,low,https://financesone.worldbank.org/ida-commitments-and-disbursements-country-economy-summary/DS01557
Afghanistan,SOUTH ASIA,country,Commitments,annual,FY16,250.0,22.0,22.0,228.0,10.363636363636363,10.363636363636363,250.0,107.0,True,0.428,0.7581723625557206,significant,1069,ida_0afabee4e9bf7c89fb1c,high,YEAR_OVER_YEAR_SHIFT,statistical_process_control,1,1,False,1.0,annual|Commitments|country,Total changed materially from the comparable prior-year period.,total=250.00; prior_year=22.00; change=1036.4%,Confirm whether the shift reflects approved financing activity or a data issue.,250.0,22.0,228.0,10.363636363636363,pending,,,,,,
"Yemen, Republic of",MIDDLE EAST AND NORTH AFRICA,country,Commitments,annual,FY21,613.0,52.0,52.0,561.0,10.788461538461538,10.788461538461538,613.0,299.0,True,0.48776508972267535,0.8722139673105498,major,1998,ida_b2d42aa7fb62c5a8d729,high,YEAR_OVER_YEAR_SHIFT,statistical_process_control,1,1,False,1.0,annual|Commitments|country,Total changed materially from the comparable prior-year period.,total=613.00; prior_year=52.00; change=1078.8%,Confirm whether the shift reflects approved financing activity or a data issue.,613.0,52.0,561.0,10.788461538461538,in_review,needs_more_information,AI-assisted data-only triage,The movement is internally consistent but its underlying project or country-program driver was not established in this data-only triage.,2026-07-26T00:00:00Z,low,https://financesone.worldbank.org/ida-commitments-and-disbursements-country-economy-summary/DS01557
Somalia,AFRICA EAST,country,Gross Disbursements,annual,FY20,520.0,7.0,7.0,513.0,73.28571428571429,73.28571428571429,902.0,520.0,True,0.5764966740576497,0.8958670988654781,major,2069,ida_5baea6d4ff87e5467b8f,high,MULTIVARIATE_ANOMALY,isolation_forest,1,1,False,0.9999999999975918,annual|Gross Disbursements|country,Record has an unusual financial profile within its period-and-category peer segment.,relative_change normalized_deviation=151.62; year_over_year_change normalized_deviation=151.62; development_policy_share normalized_deviation=3.73,"Review current versus prior values, financing mix, and supporting source records.",520.0,7.0,513.0,73.28571428571429,in_review,needs_more_information,AI-assisted data-only triage,The multivariate model signal alone is insufficient to distinguish a useful legitimate exception from a false positive without source and business context.,2026-07-26T00:00:00Z,low,https://financesone.worldbank.org/ida-commitments-and-disbursements-country-economy-summary/DS01557
"Congo, Republic of",WESTERN AND CENTRAL AFRICA,country,Commitments,quarterly,2026-Q3,180.0,-1.0,-1.0,181.0,181.0,181.0,180.0,107.0,True,0.5944444444444444,0.8573446327683616,significant,144,ida_edeabb5bfb48eda4b26a,high,MULTIVARIATE_ANOMALY,isolation_forest,1,1,False,0.9999999999975734,quarterly|Commitments|country,Record has an unusual financial profile within its period-and-category peer segment.,relative_change normalized_deviation=181.42; year_over_year_change normalized_deviation=181.42; investment_lending_share normalized_deviation=1.33,"Review current versus prior values, financing mix, and supporting source records.",180.0,-1.0,181.0,181.0,pending,,,,,,
Uzbekistan,EUROPE AND CENTRAL ASIA,country,Commitments,annual,FY20,803.0,93.0,93.0,710.0,7.634408602150538,7.634408602150538,803.0,169.0,True,0.21046077210460773,0.913075780089153,major,2164,ida_eb41e8d57f87ff68cd6e,high,YEAR_OVER_YEAR_SHIFT,statistical_process_control,1,1,False,0.9543010752688172,annual|Commitments|country,Total changed materially from the comparable prior-year period.,total=803.00; prior_year=93.00; change=763.4%,Confirm whether the shift reflects approved financing activity or a data issue.,803.0,93.0,710.0,7.634408602150538,pending,,,,,,
Honduras,LATIN AMERICA AND CARIBBEAN,country,Commitments,annual,FY25,332.0,40.0,40.0,292.0,7.3,7.3,332.0,220.0,True,0.6626506024096386,0.7942050520059435,significant,1521,ida_5dbe7e549a288107fdc4,high,YEAR_OVER_YEAR_SHIFT,statistical_process_control,1,1,False,0.9125,annual|Commitments|country,Total changed materially from the comparable prior-year period.,total=332.00; prior_year=40.00; change=730.0%,Confirm whether the shift reflects approved financing activity or a data issue.,332.0,40.0,292.0,7.3,in_review,needs_more_information,AI-assisted data-only triage,The movement is internally consistent but its underlying project or country-program driver was not established in this data-only triage.,2026-07-26T00:00:00Z,low,https://financesone.worldbank.org/ida-commitments-and-disbursements-country-economy-summary/DS01557
Bhutan,SOUTH ASIA,country,Commitments,annual,FY25,414.0,50.0,50.0,364.0,7.28,7.28,414.0,3.0,True,0.007246376811594203,0.8224368499257058,significant,1599,ida_bbc59cb7fdc558d79170,high,YEAR_OVER_YEAR_SHIFT,statistical_process_control,1,1,False,0.91,annual|Commitments|country,Total changed materially from the comparable prior-year period.,total=414.00; prior_year=50.00; change=728.0%,Confirm whether the shift reflects approved financing activity or a data issue.,414.0,50.0,364.0,7.28,in_review,needs_more_information,AI-assisted data-only triage,The movement is internally consistent but its underlying project or country-program driver was not established in this data-only triage.,2026-07-26T00:00:00Z,low,https://financesone.worldbank.org/ida-commitments-and-disbursements-country-economy-summary/DS01557
South Sudan,EASTERN AND SOUTHERN AFRICA,country,Gross Disbursements,annual,FY22,198.0,24.0,24.0,174.0,7.25,7.25,553.0,198.0,True,0.35804701627486435,0.7682333873581848,significant,460,ida_9ca9e8c3fb95af49813a,high,YEAR_OVER_YEAR_SHIFT,statistical_process_control,1,1,False,0.90625,annual|Gross Disbursements|country,Total changed materially from the comparable prior-year period.,total=198.00; prior_year=24.00; change=725.0%,Confirm whether the shift reflects approved financing activity or a data issue.,198.0,24.0,174.0,7.25,pending,,,,,,
Guinea,WESTERN AND CENTRAL AFRICA,country,Commitments,annual,FY23,206.0,25.0,25.0,181.0,7.24,7.24,206.0,114.0,True,0.5533980582524272,0.7355126300148589,significant,411,ida_2edadf9a20d34e49e843,high,YEAR_OVER_YEAR_SHIFT,statistical_process_control,1,1,False,0.905,annual|Commitments|country,Total changed materially from the comparable prior-year period.,total=206.00; prior_year=25.00; change=724.0%,Confirm whether the shift reflects approved financing activity or a data issue.,206.0,25.0,181.0,7.24,in_review,needs_more_information,AI-assisted data-only triage,The movement is internally consistent but its underlying project or country-program driver was not established in this data-only triage.,2026-07-26T00:00:00Z,low,https://financesone.worldbank.org/ida-commitments-and-disbursements-country-economy-summary/DS01557
Malawi,AFRICA,country,Commitments,annual,FY17,421.0,52.0,52.0,369.0,7.096153846153846,7.096153846153846,421.0,237.0,True,0.5629453681710214,0.826151560178306,significant,827,ida_6403b56618da8b1c1310,high,YEAR_OVER_YEAR_SHIFT,statistical_process_control,1,1,False,0.8870192307692307,annual|Commitments|country,Total changed materially from the comparable prior-year period.,total=421.00; prior_year=52.00; change=709.6%,Confirm whether the shift reflects approved financing activity or a data issue.,421.0,52.0,369.0,7.096153846153846,in_review,needs_more_information,AI-assisted data-only triage,The movement is internally consistent but its underlying project or country-program driver was not established in this data-only triage.,2026-07-26T00:00:00Z,low,https://financesone.worldbank.org/ida-commitments-and-disbursements-country-economy-summary/DS01557
Central African Republic,AFRICA,country,Commitments,annual,FY17,143.0,20.0,20.0,123.0,6.15,6.15,143.0,36.0,True,0.2517482517482518,0.6920505200594353,significant,846,ida_f9242338e00010319ef6,high,YEAR_OVER_YEAR_SHIFT,statistical_process_control,1,1,False,0.76875,annual|Commitments|country,Total changed materially from the comparable prior-year period.,total=143.00; prior_year=20.00; change=615.0%,Confirm whether the shift reflects approved financing activity or a data issue.,143.0,20.0,123.0,6.15,in_review,needs_more_information,AI-assisted data-only triage,The movement is internally consistent but its underlying project or country-program driver was not established in this data-only triage.,2026-07-26T00:00:00Z,low,https://financesone.worldbank.org/ida-commitments-and-disbursements-country-economy-summary/DS01557
Bhutan,SOUTH ASIA,country,Gross Disbursements,quarterly,2026-Q3,33.7,2.49,2.49,31.21,12.534136546184738,12.534136546184738,300.0,33.7,True,0.11233333333333334,0.48214285714285715,moderate,1259,ida_0e67a1be1010bf45f5ae,medium,MULTIVARIATE_ANOMALY,isolation_forest,1,1,False,0.9999999999975209,quarterly|Gross Disbursements|country,Record has an unusual financial profile within its period-and-category peer segment.,relative_change normalized_deviation=12.52; year_over_year_change normalized_deviation=12.52; disbursement_commitment_ratio normalized_deviation=3.40,"Review current versus prior values, financing mix, and supporting source records.",33.7,2.49,31.21,12.534136546184738,in_review,needs_more_information,AI-assisted data-only triage,The multivariate model signal alone is insufficient to distinguish a useful legitimate exception from a false positive without source and business context.,2026-07-26T00:00:00Z,low,https://financesone.worldbank.org/ida-commitments-and-disbursements-country-economy-summary/DS01557
Grenada,LATIN AMERICA AND CARIBBEAN,country,Commitments,annual,FY20,91.0,2.0,2.0,89.0,44.5,44.5,91.0,24.0,True,0.26373626373626374,0.6188707280832095,moderate,2220,ida_b3f206e9d434f368bdac,medium,MULTIVARIATE_ANOMALY,isolation_forest,1,1,False,0.9391567859303634,annual|Commitments|country,Record has an unusual financial profile within its period-and-category peer segment.,relative_change normalized_deviation=243.95; year_over_year_change normalized_deviation=243.95; development_policy_share normalized_deviation=3.82,"Review current versus prior values, financing mix, and supporting source records.",91.0,2.0,89.0,44.5,pending,,,,,,
Solomon Islands,EAST ASIA AND PACIFIC,country,Commitments,annual,FY22,177.0,5.0,5.0,172.0,34.4,34.4,177.0,28.0,True,0.15819209039548024,0.7154531946508172,significant,555,ida_e7ad7f798903de0248c6,medium,MULTIVARIATE_ANOMALY,isolation_forest,1,1,False,0.8909769662127961,annual|Commitments|country,Record has an unusual financial profile within its period-and-category peer segment.,relative_change normalized_deviation=188.66; year_over_year_change normalized_deviation=188.66; disbursement_commitment_ratio normalized_deviation=2.52,"Review current versus prior values, financing mix, and supporting source records.",177.0,5.0,172.0,34.4,pending,,,,,,
Fiji,EAST ASIA AND PACIFIC,country,Gross Disbursements,annual,FY25,101.0,7.0,7.0,94.0,13.428571428571429,13.428571428571429,34.0,101.0,True,2.9705882352941178,0.6523500810372771,significant,1608,ida_09a110ea9db402f272d9,medium,MULTIVARIATE_ANOMALY,isolation_forest,1,1,False,0.8852878289099205,annual|Gross Disbursements|country,Record has an unusual financial profile within its period-and-category peer segment.,relative_change normalized_deviation=27.68; year_over_year_change normalized_deviation=27.68; disbursement_commitment_ratio normalized_deviation=9.14,"Review current versus prior values, financing mix, and supporting source records.",101.0,7.0,94.0,13.428571428571429,pending,,,,,,
Bhutan,SOUTH ASIA,country,Gross Disbursements,annual,FY24,56.0,4.0,4.0,52.0,13.0,13.0,50.0,56.0,True,1.12,0.5575364667747164,moderate,1817,ida_cf815d762ec3e741a7b4,medium,MULTIVARIATE_ANOMALY,isolation_forest,1,1,False,0.8829140394181425,annual|Gross Disbursements|country,Record has an unusual financial profile within its period-and-category peer segment.,relative_change normalized_deviation=26.79; year_over_year_change normalized_deviation=26.79; development_policy_share normalized_deviation=3.78,"Review current versus prior values, financing mix, and supporting source records.",56.0,4.0,52.0,13.0,in_review,needs_more_information,AI-assisted data-only triage,The multivariate model signal alone is insufficient to distinguish a useful legitimate exception from a false positive without source and business context.,2026-07-26T00:00:00Z,low,https://financesone.worldbank.org/ida-commitments-and-disbursements-country-economy-summary/DS01557
Afghanistan,SOUTH ASIA,country,Gross Disbursements,annual,FY24,94.0,-3.0,-3.0,97.0,32.333333333333336,32.333333333333336,84.0,94.0,True,1.119047619047619,0.6446515397082658,moderate,1815,ida_6b5cf83c18712c312b60,medium,MULTIVARIATE_ANOMALY,isolation_forest,1,1,False,0.8772105641513406,annual|Gross Disbursements|country,Record has an unusual financial profile within its period-and-category peer segment.,relative_change normalized_deviation=66.82; year_over_year_change normalized_deviation=66.82; disbursement_commitment_ratio normalized_deviation=1.98,"Review current versus prior values, financing mix, and supporting source records.",94.0,-3.0,97.0,32.333333333333336,pending,,,,,,
Grenada,LATIN AMERICA AND CARIBBEAN,country,Gross Disbursements,annual,FY19,32.0,2.0,2.0,30.0,15.0,15.0,2.0,32.0,False,,0.4712317666126418,moderate,3223,ida_836021a4919b58e55ae8,medium,MULTIVARIATE_ANOMALY,isolation_forest,1,1,False,0.8445900896742878,annual|Gross Disbursements|country,Record has an unusual financial profile within its period-and-category peer segment.,relative_change normalized_deviation=30.93; year_over_year_change normalized_deviation=30.93; development_policy_share normalized_deviation=3.96,"Review current versus prior values, financing mix, and supporting source records.",32.0,2.0,30.0,15.0,pending,,,,,,
Sudan,EASTERN AND SOUTHERN AFRICA,country,Gross Disbursements,annual,FY25,83.0,-3.0,-3.0,86.0,28.666666666666668,28.666666666666668,308.0,83.0,True,0.2694805194805195,0.6296596434359806,moderate,1647,ida_3a2944d56ba9b240ae8b,medium,MULTIVARIATE_ANOMALY,isolation_forest,1,1,False,0.8314055604080373,annual|Gross Disbursements|country,Record has an unusual financial profile within its period-and-category peer segment.,relative_change normalized_deviation=59.23; year_over_year_change normalized_deviation=59.23; disbursement_commitment_ratio normalized_deviation=1.30,"Review current versus prior values, financing mix, and supporting source records.",83.0,-3.0,86.0,28.666666666666668,pending,,,,,,
Sao Tome and Principe,EASTERN AND SOUTHERN AFRICA,country,Commitments,annual,FY24,77.0,3.0,3.0,74.0,24.666666666666668,24.666666666666668,77.0,43.0,True,0.5584415584415584,0.5924962852897474,moderate,2647,ida_fcbdf35b20c01addf99d,medium,MULTIVARIATE_ANOMALY,isolation_forest,1,1,False,0.8253267872378036,annual|Commitments|country,Record has an unusual financial profile within its period-and-category peer segment.,relative_change normalized_deviation=135.39; year_over_year_change normalized_deviation=135.39; development_policy_share normalized_deviation=1.69,"Review current versus prior values, financing mix, and supporting source records.",77.0,3.0,74.0,24.666666666666668,pending,,,,,,
Ghana,WESTERN AND CENTRAL AFRICA,country,Gross Disbursements,quarterly,2025-Q3,654.51,,,,,,180.0,654.51,True,3.6361666666666665,0.9330357142857143,major,1400,ida_d5dc33adc2ef90552ee9,medium,MULTIVARIATE_ANOMALY,isolation_forest,1,1,False,0.8079349920279058,quarterly|Gross Disbursements|country,Record has an unusual financial profile within its period-and-category peer segment.,disbursement_commitment_ratio normalized_deviation=8.73; log1p_total normalized_deviation=0.53; others_share normalized_deviation=0.32,"Review current versus prior values, financing mix, and supporting source records.",654.51,,,,pending,,,,,,
Bhutan,SOUTH ASIA,country,Gross Disbursements,annual,FY25,3.0,56.0,56.0,-53.0,-0.9464285714285714,-0.9464285714285714,414.0,3.0,True,0.007246376811594203,0.24513776337115073,limited,1697,ida_cb37573da0050b71fd3d,medium,MULTIVARIATE_ANOMALY,isolation_forest,1,1,False,0.7892448420972061,annual|Gross Disbursements|country,Record has an unusual financial profile within its period-and-category peer segment.,disbursement_commitment_ratio normalized_deviation=2.32; relative_change normalized_deviation=2.09; year_over_year_change normalized_deviation=2.09,"Review current versus prior values, financing mix, and supporting source records.",3.0,56.0,-53.0,-0.9464285714285714,in_review,needs_more_information,AI-assisted data-only triage,The multivariate model signal alone is insufficient to distinguish a useful legitimate exception from a false positive without source and business context.,2026-07-26T00:00:00Z,low,https://financesone.worldbank.org/ida-commitments-and-disbursements-country-economy-summary/DS01557
Kosovo,EUROPE AND CENTRAL ASIA,country,Gross Disbursements,quarterly,2026-Q3,116.0,14.49,14.49,101.51,7.00552104899931,7.00552104899931,0.0,116.0,False,,0.6696428571428571,significant,1220,ida_9cc57be54ff4e96bd4c5,medium,MULTIVARIATE_ANOMALY,isolation_forest,1,1,False,0.7858330738757944,quarterly|Gross Disbursements|country,Record has an unusual financial profile within its period-and-category peer segment.,relative_change normalized_deviation=6.99; year_over_year_change normalized_deviation=6.99; development_policy_share normalized_deviation=0.89,"Review current versus prior values, financing mix, and supporting source records.",116.0,14.49,101.51,7.00552104899931,pending,,,,,,
Moldova,EUROPE AND CENTRAL ASIA,country,Commitments,annual,FY25,50.0,6.0,6.0,44.0,7.333333333333333,7.333333333333333,50.0,50.0,True,1.0,0.5300891530460624,moderate,1484,ida_a264ed0340b142c970fd,medium,MULTIVARIATE_ANOMALY,isolation_forest,1,1,False,0.7716123901636622,annual|Commitments|country,Record has an unusual financial profile within its period-and-category peer segment.,relative_change normalized_deviation=40.51; year_over_year_change normalized_deviation=40.51; development_policy_share normalized_deviation=8.69,"Review current versus prior values, financing mix, and supporting source records.",50.0,6.0,44.0,7.333333333333333,pending,,,,,,
"Congo, Republic of",WESTERN AND CENTRAL AFRICA,country,Gross Disbursements,quarterly,2026-Q3,107.0,14.0,14.0,93.0,6.642857142857143,6.642857142857143,180.0,107.0,True,0.5944444444444444,0.65625,significant,1273,ida_76aece3a5f42b9a15df3,medium,MULTIVARIATE_ANOMALY,isolation_forest,1,1,False,0.7620681907139762,quarterly|Gross Disbursements|country,Record has an unusual financial profile within its period-and-category peer segment.,relative_change normalized_deviation=6.63; year_over_year_change normalized_deviation=6.63; disbursement_commitment_ratio normalized_deviation=1.74,"Review current versus prior values, financing mix, and supporting source records.",107.0,14.0,93.0,6.642857142857143,pending,,,,,,
Ukraine,EUROPE AND CENTRAL ASIA,country,Gross Disbursements,quarterly,2026-Q3,724.0,4802.0,4802.0,-4078.0,-0.8492294877134527,-0.8492294877134527,0.0,724.0,False,,0.9464285714285714,major,1228,ida_4ca6d9ceeff0cda942bd,medium,MULTIVARIATE_ANOMALY,isolation_forest,1,1,False,0.7581241290222493,quarterly|Gross Disbursements|country,Record has an unusual financial profile within its period-and-category peer segment.,program_for_results_share normalized_deviation=0.92; relative_change normalized_deviation=0.87; year_over_year_change normalized_deviation=0.87,"Review current versus prior values, financing mix, and supporting source records.",724.0,4802.0,-4078.0,-0.8492294877134527,pending,,,,,,
St. Vincent and the Grenadines,LATIN AMERICA AND CARIBBEAN,country,Gross Disbursements,annual,FY20,57.0,3.0,3.0,54.0,18.0,18.0,85.0,57.0,True,0.6705882352941176,0.5648298217179902,moderate,2086,ida_756778eb9adfe91e1831,medium,MULTIVARIATE_ANOMALY,isolation_forest,1,1,False,0.7553005055531168,annual|Gross Disbursements|country,Record has an unusual financial profile within its period-and-category peer segment.,relative_change normalized_deviation=37.14; year_over_year_change normalized_deviation=37.14; development_policy_share normalized_deviation=2.23,"Review current versus prior values, financing mix, and supporting source records.",57.0,3.0,54.0,18.0,pending,,,,,,
"Yemen, Republic of",MIDDLE EAST AND NORTH AFRICA,country,Gross Disbursements,annual,FY17,330.0,17.0,17.0,313.0,18.41176470588235,18.41176470588235,783.0,330.0,True,0.421455938697318,0.8273905996758509,significant,897,ida_ac3ddcf490ff2684e4dd,medium,MULTIVARIATE_ANOMALY,isolation_forest,1,1,False,0.7520129904554337,annual|Gross Disbursements|country,Record has an unusual financial profile within its period-and-category peer segment.,relative_change normalized_deviation=38.00; year_over_year_change normalized_deviation=38.00; disbursement_commitment_ratio normalized_deviation=0.72,"Review current versus prior values, financing mix, and supporting source records.",330.0,17.0,313.0,18.41176470588235,pending,,,,,,
Benin,WESTERN AND CENTRAL AFRICA,country,Commitments,quarterly,2026-Q3,507.66,405.0,405.0,102.66000000000003,0.25348148148148153,0.25348148148148153,507.66,155.0,True,0.3053224599141157,0.9463276836158192,major,138,ida_d33e59ac5ca9e10de24d,medium,MULTIVARIATE_ANOMALY,isolation_forest,1,1,False,0.7498189359538836,quarterly|Commitments|country,Record has an unusual financial profile within its period-and-category peer segment.,log1p_total normalized_deviation=1.50; disbursement_commitment_ratio normalized_deviation=0.79; relative_change normalized_deviation=0.68,"Review current versus prior values, financing mix, and supporting source records.",507.66,405.0,102.66000000000003,0.25348148148148153,pending,,,,,,
Bhutan,SOUTH ASIA,country,Gross Disbursements,annual,FY16,23.0,2.0,2.0,21.0,10.5,10.5,0.0,23.0,False,,0.42017828200972446,moderate,2282,ida_e124c68f1c42088b0cfa,medium,MULTIVARIATE_ANOMALY,isolation_forest,1,1,False,0.7453155464217277,annual|Gross Disbursements|country,Record has an unusual financial profile within its period-and-category peer segment.,relative_change normalized_deviation=21.61; year_over_year_change normalized_deviation=21.61; development_policy_share normalized_deviation=3.68,"Review current versus prior values, financing mix, and supporting source records.",23.0,2.0,21.0,10.5,pending,,,,,,
Jordan,MIDDLE EAST AND NORTH AFRICA,country,Gross Disbursements,annual,FY19,30.0,8.0,8.0,22.0,2.75,2.75,0.0,30.0,False,,0.46312803889789306,moderate,3236,ida_6d8fbff9ff0329602f8d,medium,MULTIVARIATE_ANOMALY,isolation_forest,1,1,False,0.7449371847260264,annual|Gross Disbursements|country,Record has an unusual financial profile within its period-and-category peer segment.,relative_change normalized_deviation=5.57; year_over_year_change normalized_deviation=5.57; investment_lending_share normalized_deviation=1.07,"Review current versus prior values, financing mix, and supporting source records.",30.0,8.0,22.0,2.75,pending,,,,,,
Ethiopia,AFRICA,country,Commitments,annual,FY18,3122.0,903.0,903.0,2219.0,2.4573643410852712,2.4573643410852712,3122.0,1405.0,True,0.45003203074951953,0.9962852897473997,major,3275,ida_0cbb2d99648b10ce29ce,medium,MULTIVARIATE_ANOMALY,isolation_forest,1,1,False,0.740515751928929,annual|Commitments|country,Record has an unusual financial profile within its period-and-category peer segment.,relative_change normalized_deviation=13.82; year_over_year_change normalized_deviation=13.82; disbursement_commitment_ratio normalized_deviation=0.88,"Review current versus prior values, financing mix, and supporting source records.",3122.0,903.0,2219.0,2.4573643410852712,pending,,,,,,
Jordan,MIDDLE EAST AND NORTH AFRICA,country,Gross Disbursements,annual,FY20,10.0,30.0,30.0,-20.0,-0.6666666666666666,-0.6666666666666666,100.0,10.0,True,0.1,0.3286061588330632,limited,2101,ida_db18912d22604bfc2a15,medium,MULTIVARIATE_ANOMALY,isolation_forest,1,1,False,0.737941619139847,annual|Gross Disbursements|country,Record has an unusual financial profile within its period-and-category peer segment.,disbursement_commitment_ratio normalized_deviation=1.96; relative_change normalized_deviation=1.51; year_over_year_change normalized_deviation=1.51,"Review current versus prior values, financing mix, and supporting source records.",10.0,30.0,-20.0,-0.6666666666666666,pending,,,,,,
India,SOUTH ASIA,country,Commitments,annual,FY22,83.0,513.0,513.0,-430.0,-0.8382066276803118,-0.8382066276803118,83.0,501.0,True,6.036144578313253,0.6051263001485884,moderate,640,ida_a0165f906d4e6d56e9e1,medium,MULTIVARIATE_ANOMALY,isolation_forest,1,1,False,0.7347374788635195,annual|Commitments|country,Record has an unusual financial profile within its period-and-category peer segment.,disbursement_commitment_ratio normalized_deviation=30.55; development_policy_share normalized_deviation=8.69; relative_change normalized_deviation=4.22,"Review current versus prior values, financing mix, and supporting source records.",83.0,513.0,-430.0,-0.8382066276803118,pending,,,,,,
Honduras,LATIN AMERICA AND CARIBBEAN,country,Gross Disbursements,annual,FY20,138.0,12.0,12.0,126.0,10.5,10.5,284.0,138.0,True,0.4859154929577465,0.7029983792544571,significant,2096,ida_eccf9163e0cc07f5b087,medium,MULTIVARIATE_ANOMALY,isolation_forest,1,1,False,0.7328754540936774,annual|Gross Disbursements|country,Record has an unusual financial profile within its period-and-category peer segment.,relative_change normalized_deviation=21.61; year_over_year_change normalized_deviation=21.61; development_policy_share normalized_deviation=3.65,"Review current versus prior values, financing mix, and supporting source records.",138.0,12.0,126.0,10.5,pending,,,,,,
Myanmar,EAST ASIA AND PACIFIC,country,Gross Disbursements,annual,FY15,52.0,3.0,3.0,49.0,16.333333333333332,16.333333333333332,700.0,52.0,True,0.07428571428571429,0.5449756888168558,moderate,2412,ida_1c9691e63977d0355f1e,medium,MULTIVARIATE_ANOMALY,isolation_forest,1,1,False,0.7267060048496916,annual|Gross Disbursements|country,Record has an unusual financial profile within its period-and-category peer segment.,relative_change normalized_deviation=33.69; year_over_year_change normalized_deviation=33.69; disbursement_commitment_ratio normalized_deviation=2.06,"Review current versus prior values, financing mix, and supporting source records.",52.0,3.0,49.0,16.333333333333332,pending,,,,,,
Pakistan,"MIDDLE EAST, NORTH AFRICA, AFGHANISTAN, AND PAKISTAN",country,Commitments,quarterly,2026-Q3,903.0,930.0,930.0,-27.0,-0.02903225806451613,-0.02903225806451613,903.0,827.51,True,0.9164008859357696,0.9774011299435028,major,136,ida_5945a47f2d6ca1fdce87,medium,MULTIVARIATE_ANOMALY,isolation_forest,1,1,False,0.7233507671070438,quarterly|Commitments|country,Record has an unusual financial profile within its period-and-category peer segment.,log1p_total normalized_deviation=1.64; program_for_results_share normalized_deviation=1.00; relative_change normalized_deviation=0.39,"Review current versus prior values, financing mix, and supporting source records.",903.0,930.0,-27.0,-0.02903225806451613,pending,,,,,,
Nigeria,AFRICA,country,Gross Disbursements,annual,FY19,1202.0,779.0,779.0,423.0,0.5430038510911425,0.5430038510911425,27.0,1202.0,True,44.51851851851852,0.9627228525121556,major,3163,ida_311052d0d85092a762b0,medium,MULTIVARIATE_ANOMALY,isolation_forest,1,1,False,0.7209495065378143,annual|Gross Disbursements|country,Record has an unusual financial profile within its period-and-category peer segment.,disbursement_commitment_ratio normalized_deviation=169.71; relative_change normalized_deviation=1.00; year_over_year_change normalized_deviation=1.00,"Review current versus prior values, financing mix, and supporting source records.",1202.0,779.0,423.0,0.5430038510911425,in_review,needs_more_information,AI-assisted data-only triage,The multivariate model signal alone is insufficient to distinguish a useful legitimate exception from a false positive without source and business context.,2026-07-26T00:00:00Z,low,https://financesone.worldbank.org/ida-commitments-and-disbursements-country-economy-summary/DS01557
Jordan,MIDDLE EAST AND NORTH AFRICA,country,Gross Disbursements,annual,FY18,8.0,48.0,48.0,-40.0,-0.8333333333333334,-0.8333333333333334,0.0,8.0,False,,0.30591572123176664,limited,771,ida_49677b2084a54fc38171,medium,MULTIVARIATE_ANOMALY,isolation_forest,1,1,False,0.7192741893542408,annual|Gross Disbursements|country,Record has an unusual financial profile within its period-and-category peer segment.,relative_change normalized_deviation=1.85; year_over_year_change normalized_deviation=1.85; investment_lending_share normalized_deviation=1.07,"Review current versus prior values, financing mix, and supporting source records.",8.0,48.0,-40.0,-0.8333333333333334,pending,,,,,,
Lebanon,MIDDLE EAST AND NORTH AFRICA,country,Gross Disbursements,annual,FY21,7.0,57.0,57.0,-50.0,-0.8771929824561403,-0.8771929824561403,0.0,7.0,False,,0.2925445705024311,limited,1866,ida_d97ce2b593f284565501,medium,MULTIVARIATE_ANOMALY,isolation_forest,1,1,False,0.7192741893542408,annual|Gross Disbursements|country,Record has an unusual financial profile within its period-and-category peer segment.,relative_change normalized_deviation=1.94; year_over_year_change normalized_deviation=1.94; investment_lending_share normalized_deviation=1.07,"Review current versus prior values, financing mix, and supporting source records.",7.0,57.0,-50.0,-0.8771929824561403,pending,,,,,,
Central African Republic,WESTERN AND CENTRAL AFRICA,country,Commitments,quarterly,2026-Q3,130.4,70.0,70.0,60.400000000000006,0.862857142857143,0.862857142857143,130.4,171.0,True,1.3113496932515336,0.8135593220338984,significant,142,ida_f891616730c559adc6ae,medium,MULTIVARIATE_ANOMALY,isolation_forest,1,1,False,0.7188977255562558,quarterly|Commitments|country,Record has an unusual financial profile within its period-and-category peer segment.,investment_lending_share normalized_deviation=1.33; relative_change normalized_deviation=1.29; year_over_year_change normalized_deviation=1.29,"Review current versus prior values, financing mix, and supporting source records.",130.4,70.0,60.400000000000006,0.862857142857143,pending,,,,,,
Solomon Islands,EAST ASIA AND PACIFIC,country,Commitments,annual,FY17,36.0,2.0,2.0,34.0,17.0,17.0,36.0,7.0,True,0.19444444444444445,0.5018573551263001,moderate,866,ida_d93a635d8c50b553f280,medium,MULTIVARIATE_ANOMALY,isolation_forest,1,1,False,0.7185011627305212,annual|Commitments|country,Record has an unusual financial profile within its period-and-category peer segment.,relative_change normalized_deviation=93.42; year_over_year_change normalized_deviation=93.42; disbursement_commitment_ratio normalized_deviation=2.32,"Review current versus prior values, financing mix, and supporting source records.",36.0,2.0,34.0,17.0,pending,,,,,,
Jordan,MIDDLE EAST AND NORTH AFRICA,country,Gross Disbursements,annual,FY21,28.0,10.0,10.0,18.0,1.8,1.8,0.0,28.0,False,,0.4529983792544571,moderate,1865,ida_103af8f8faa82ae404b4,medium,MULTIVARIATE_ANOMALY,isolation_forest,1,1,False,0.7139723357727125,annual|Gross Disbursements|country,Record has an unusual financial profile within its period-and-category peer segment.,relative_change normalized_deviation=3.60; year_over_year_change normalized_deviation=3.60; investment_lending_share normalized_deviation=1.07,"Review current versus prior values, financing mix, and supporting source records.",28.0,10.0,18.0,1.8,pending,,,,,,
Guyana,LATIN AMERICA AND CARIBBEAN,country,Gross Disbursements,annual,FY19,39.0,6.0,6.0,33.0,5.5,5.5,20.0,39.0,True,1.95,0.4991896272285251,moderate,3238,ida_e2fd04ebb3e0699cbe95,medium,MULTIVARIATE_ANOMALY,isolation_forest,1,1,False,0.7118413101796173,annual|Gross Disbursements|country,Record has an unusual financial profile within its period-and-category peer segment.,relative_change normalized_deviation=11.26; year_over_year_change normalized_deviation=11.26; disbursement_commitment_ratio normalized_deviation=5.19,"Review current versus prior values, financing mix, and supporting source records.",39.0,6.0,33.0,5.5,pending,,,,,,
Kosovo,EUROPE AND CENTRAL ASIA,country,Gross Disbursements,annual,FY21,94.0,12.0,12.0,82.0,6.833333333333333,6.833333333333333,18.0,94.0,True,5.222222222222222,0.6446515397082658,moderate,719,ida_da88140431d22bcc48e4,medium,MULTIVARIATE_ANOMALY,isolation_forest,1,1,False,0.7091568762475217,annual|Gross Disbursements|country,Record has an unusual financial profile within its period-and-category peer segment.,disbursement_commitment_ratio normalized_deviation=17.84; relative_change normalized_deviation=14.02; year_over_year_change normalized_deviation=14.02,"Review current versus prior values, financing mix, and supporting source records.",94.0,12.0,82.0,6.833333333333333,pending,,,,,,
Kiribati,EAST ASIA AND PACIFIC,country,Commitments,annual,FY25,133.0,20.0,20.0,113.0,5.65,5.65,133.0,21.0,True,0.15789473684210525,0.6853640416047548,significant,1573,ida_86071362482d52c80946,medium,YEAR_OVER_YEAR_SHIFT,statistical_process_control,1,1,False,0.70625,annual|Commitments|country,Total changed materially from the comparable prior-year period.,total=133.00; prior_year=20.00; change=565.0%,Confirm whether the shift reflects approved financing activity or a data issue.,133.0,20.0,113.0,5.65,pending,,,,,,
Sao Tome and Principe,AFRICA,country,Gross Disbursements,annual,FY19,13.0,1.0,1.0,12.0,12.0,12.0,39.0,13.0,True,0.3333333333333333,0.35615883306320906,moderate,3226,ida_e802f41707f041775b9a,medium,MULTIVARIATE_ANOMALY,isolation_forest,1,1,False,0.7062219494876746,annual|Gross Disbursements|country,Record has an unusual financial profile within its period-and-category peer segment.,relative_change normalized_deviation=24.72; year_over_year_change normalized_deviation=24.72; development_policy_share normalized_deviation=1.95,"Review current versus prior values, financing mix, and supporting source records.",13.0,1.0,12.0,12.0,pending,,,,,,
Grenada,LATIN AMERICA AND CARIBBEAN,country,Gross Disbursements,annual,FY24,41.0,4.0,4.0,37.0,9.25,9.25,54.0,41.0,True,0.7592592592592593,0.5056726094003241,moderate,1794,ida_8088fe7ac67d68a247e1,medium,MULTIVARIATE_ANOMALY,isolation_forest,1,1,False,0.6936114166194829,annual|Gross Disbursements|country,Record has an unusual financial profile within its period-and-category peer segment.,relative_change normalized_deviation=19.02; year_over_year_change normalized_deviation=19.02; development_policy_share normalized_deviation=3.09,"Review current versus prior values, financing mix, and supporting source records.",41.0,4.0,37.0,9.25,pending,,,,,,
Nepal,SOUTH ASIA,country,Commitments,annual,FY23,320.0,763.0,763.0,-443.0,-0.580602883355177,-0.580602883355177,320.0,366.0,True,1.14375,0.788261515601783,significant,395,ida_04b2f4987e7198333436,medium,MULTIVARIATE_ANOMALY,isolation_forest,1,1,False,0.6912632474083761,annual|Commitments|country,Record has an unusual financial profile within its period-and-category peer segment.,disbursement_commitment_ratio normalized_deviation=3.02; relative_change normalized_deviation=2.81; year_over_year_change normalized_deviation=2.81,"Review current versus prior values, financing mix, and supporting source records.",320.0,763.0,-443.0,-0.580602883355177,pending,,,,,,
Mongolia,EAST ASIA AND PACIFIC,country,Gross Disbursements,annual,FY18,141.0,17.0,17.0,124.0,7.294117647058823,7.294117647058823,120.0,141.0,True,1.175,0.7074554294975689,significant,784,ida_3ab86a7b53b3fae9c97c,medium,MULTIVARIATE_ANOMALY,isolation_forest,1,1,False,0.6839817885155851,annual|Gross Disbursements|country,Record has an unusual financial profile within its period-and-category peer segment.,relative_change normalized_deviation=14.97; year_over_year_change normalized_deviation=14.97; development_policy_share normalized_deviation=3.69,"Review current versus prior values, financing mix, and supporting source records.",141.0,17.0,124.0,7.294117647058823,pending,,,,,,
Kiribati,EAST ASIA AND PACIFIC,country,Commitments,annual,FY20,69.0,5.0,5.0,64.0,12.8,12.8,69.0,1.0,True,0.014492753623188406,0.5739227340267459,moderate,2224,ida_226c7645b5ed91ad1783,medium,MULTIVARIATE_ANOMALY,isolation_forest,1,1,False,0.6804392568121675,annual|Commitments|country,Record has an unusual financial profile within its period-and-category peer segment.,relative_change normalized_deviation=70.43; year_over_year_change normalized_deviation=70.43; disbursement_commitment_ratio normalized_deviation=3.33,"Review current versus prior values, financing mix, and supporting source records.",69.0,5.0,64.0,12.8,pending,,,,,,
India,SOUTH ASIA,country,Commitments,annual,FY20,550.0,250.0,250.0,300.0,1.2,1.2,550.0,1412.0,True,2.5672727272727274,0.8566121842496285,major,2172,ida_9f99651e1d03aa2dbac4,medium,MULTIVARIATE_ANOMALY,isolation_forest,1,1,False,0.6781818687855863,annual|Commitments|country,Record has an unusual financial profile within its period-and-category peer segment.,disbursement_commitment_ratio normalized_deviation=11.03; development_policy_share normalized_deviation=8.69; relative_change normalized_deviation=6.94,"Review current versus prior values, financing mix, and supporting source records.",550.0,250.0,300.0,1.2,in_review,needs_more_information,AI-assisted data-only triage,The multivariate model signal alone is insufficient to distinguish a useful legitimate exception from a false positive without source and business context.,2026-07-26T00:00:00Z,low,https://financesone.worldbank.org/ida-commitments-and-disbursements-country-economy-summary/DS01557
Rwanda,EASTERN AND SOUTHERN AFRICA,country,Commitments,quarterly,2026-Q3,761.0,454.0,454.0,307.0,0.6762114537444934,0.6762114537444934,761.0,259.0,True,0.3403416557161629,0.9689265536723164,major,34,ida_fcc57be3e5d6058b0174,medium,MULTIVARIATE_ANOMALY,isolation_forest,1,1,False,0.6728816677002865,quarterly|Commitments|country,Record has an unusual financial profile within its period-and-category peer segment.,log1p_total normalized_deviation=1.60; relative_change normalized_deviation=1.10; year_over_year_change normalized_deviation=1.10,"Review current versus prior values, financing mix, and supporting source records.",761.0,454.0,307.0,0.6762114537444934,pending,,,,,,
India,SOUTH ASIA,country,Commitments,annual,FY24,32.0,56.0,56.0,-24.0,-0.42857142857142855,-0.42857142857142855,32.0,164.0,True,5.125,0.48811292719167904,moderate,2747,ida_7ef0bafbadbdf7305f3f,medium,MULTIVARIATE_ANOMALY,isolation_forest,1,1,False,0.6711545114666103,annual|Commitments|country,Record has an unusual financial profile within its period-and-category peer segment.,disbursement_commitment_ratio normalized_deviation=25.42; development_policy_share normalized_deviation=8.69; relative_change normalized_deviation=1.98,"Review current versus prior values, financing mix, and supporting source records.",32.0,56.0,-24.0,-0.42857142857142855,pending,,,,,,
Lebanon,MIDDLE EAST AND NORTH AFRICA,country,Commitments,annual,FY17,100.0,,,,,,100.0,0.0,True,0.0,0.6404160475482912,moderate,886,ida_b6ab95bdf09790c7350f,medium,MULTIVARIATE_ANOMALY,isolation_forest,1,1,False,0.6702967118655385,annual|Commitments|country,Record has an unusual financial profile within its period-and-category peer segment.,disbursement_commitment_ratio normalized_deviation=3.41; program_for_results_share normalized_deviation=1.00; investment_lending_share normalized_deviation=0.50,"Review current versus prior values, financing mix, and supporting source records.",100.0,,,,pending,,,,,,
Nigeria,WESTERN AND CENTRAL AFRICA,country,Commitments,annual,FY21,2875.0,2576.0,2576.0,299.0,0.11607142857142858,0.11607142857142858,2875.0,1391.0,True,0.48382608695652174,0.9940564635958395,major,2029,ida_a2fafcba87fe60f2d794,medium,MULTIVARIATE_ANOMALY,isolation_forest,1,1,False,0.6652178178847312,annual|Commitments|country,Record has an unusual financial profile within its period-and-category peer segment.,relative_change normalized_deviation=1.00; year_over_year_change normalized_deviation=1.00; log1p_total normalized_deviation=0.80,"Review current versus prior values, financing mix, and supporting source records.",2875.0,2576.0,299.0,0.11607142857142858,in_review,needs_more_information,AI-assisted data-only triage,The multivariate model signal alone is insufficient to distinguish a useful legitimate exception from a false positive without source and business context.,2026-07-26T00:00:00Z,low,https://financesone.worldbank.org/ida-commitments-and-disbursements-country-economy-summary/DS01557
Haiti,LATIN AMERICA AND CARIBBEAN,country,Commitments,annual,FY25,160.0,12.0,12.0,148.0,12.333333333333334,12.333333333333334,160.0,161.0,True,1.00625,0.7087667161961367,significant,1520,ida_e3dc0ae8f9d8ddcd5591,medium,MULTIVARIATE_ANOMALY,isolation_forest,1,1,False,0.6603198393846307,annual|Commitments|country,Record has an unusual financial profile within its period-and-category peer segment.,relative_change normalized_deviation=67.88; year_over_year_change normalized_deviation=67.88; disbursement_commitment_ratio normalized_deviation=2.25,"Review current versus prior values, financing mix, and supporting source records.",160.0,12.0,148.0,12.333333333333334,pending,,,,,,
Kiribati,EAST ASIA AND PACIFIC,country,Commitments,annual,FY22,65.0,5.0,5.0,60.0,12.0,12.0,65.0,6.0,True,0.09230769230769231,0.5646359583952452,moderate,543,ida_d14ed00ac4a4f9dc9771,medium,MULTIVARIATE_ANOMALY,isolation_forest,1,1,False,0.6554363475980264,annual|Commitments|country,Record has an unusual financial profile within its period-and-category peer segment.,relative_change normalized_deviation=66.05; year_over_year_change normalized_deviation=66.05; disbursement_commitment_ratio normalized_deviation=2.89,"Review current versus prior values, financing mix, and supporting source records.",65.0,5.0,60.0,12.0,pending,,,,,,
India,SOUTH ASIA,country,Commitments,annual,FY23,56.0,83.0,83.0,-27.0,-0.3253012048192771,-0.3253012048192771,56.0,270.0,True,4.821428571428571,0.5460624071322436,moderate,393,ida_72f83d84dfa9101ff39d,medium,MULTIVARIATE_ANOMALY,isolation_forest,1,1,False,0.6551631785852553,annual|Commitments|country,Record has an unusual financial profile within its period-and-category peer segment.,disbursement_commitment_ratio normalized_deviation=23.71; development_policy_share normalized_deviation=8.69; relative_change normalized_deviation=1.41,"Review current versus prior values, financing mix, and supporting source records.",56.0,83.0,-27.0,-0.3253012048192771,in_review,needs_more_information,AI-assisted data-only triage,The multivariate model signal alone is insufficient to distinguish a useful legitimate exception from a false positive without source and business context.,2026-07-26T00:00:00Z,low,https://financesone.worldbank.org/ida-commitments-and-disbursements-country-economy-summary/DS01557
Jordan,MIDDLE EAST AND NORTH AFRICA,country,Commitments,annual,FY20,100.0,0.0,0.0,100.0,,,100.0,10.0,True,0.1,0.6404160475482912,moderate,3024,ida_dcd454fb97ab24cb57b7,medium,MULTIVARIATE_ANOMALY,isolation_forest,1,1,False,0.6547282811796536,annual|Commitments|country,Record has an unusual financial profile within its period-and-category peer segment.,disbursement_commitment_ratio normalized_deviation=2.85; program_for_results_share normalized_deviation=1.00; investment_lending_share normalized_deviation=0.50,"Review current versus prior values, financing mix, and supporting source records.",100.0,0.0,100.0,,pending,,,,,,
Cote d'Ivoire,AFRICA,country,Commitments,annual,FY17,710.0,115.0,115.0,595.0,5.173913043478261,5.173913043478261,710.0,200.0,True,0.28169014084507044,0.8933878157503715,major,812,ida_a839b5799e196fc250fc,medium,YEAR_OVER_YEAR_SHIFT,statistical_process_control,1,1,False,0.6467391304347826,annual|Commitments|country,Total changed materially from the comparable prior-year period.,total=710.00; prior_year=115.00; change=517.4%,Confirm whether the shift reflects approved financing activity or a data issue.,710.0,115.0,595.0,5.173913043478261,pending,,,,,,
Samoa,EAST ASIA AND PACIFIC,country,Commitments,annual,FY19,54.0,5.0,5.0,49.0,9.8,9.8,54.0,25.0,True,0.46296296296296297,0.5442050520059435,moderate,3104,ida_35ecccbb4e1f06236eb0,medium,MULTIVARIATE_ANOMALY,isolation_forest,1,1,False,0.645936762944643,annual|Commitments|country,Record has an unusual financial profile within its period-and-category peer segment.,relative_change normalized_deviation=54.01; year_over_year_change normalized_deviation=54.01; development_policy_share normalized_deviation=2.25,"Review current versus prior values, financing mix, and supporting source records.",54.0,5.0,49.0,9.8,pending,,,,,,
Senegal,WESTERN AND CENTRAL AFRICA,country,Commitments,quarterly,2026-Q3,140.0,0.0,0.0,140.0,,,140.0,455.0,True,3.25,0.8248587570621468,significant,155,ida_dd367b6ec6c97201cff0,medium,MULTIVARIATE_ANOMALY,isolation_forest,1,1,False,0.6422879178638883,quarterly|Commitments|country,Record has an unusual financial profile within its period-and-category peer segment.,disbursement_commitment_ratio normalized_deviation=2.15; log1p_total normalized_deviation=1.19; program_for_results_share normalized_deviation=0.71,"Review current versus prior values, financing mix, and supporting source records.",140.0,0.0,140.0,,pending,,,,,,
Benin,AFRICA,country,Commitments,annual,FY18,335.0,193.0,193.0,142.0,0.7357512953367875,0.7357512953367875,335.0,106.0,True,0.3164179104477612,0.7971768202080238,significant,3285,ida_8e35a76d46f03a23443d,medium,MULTIVARIATE_ANOMALY,isolation_forest,1,1,False,0.6313492276781509,annual|Commitments|country,Record has an unusual financial profile within its period-and-category peer segment.,relative_change normalized_deviation=4.40; year_over_year_change normalized_deviation=4.40; disbursement_commitment_ratio normalized_deviation=1.63,"Review current versus prior values, financing mix, and supporting source records.",335.0,193.0,142.0,0.7357512953367875,pending,,,,,,
Nigeria,AFRICA,country,Commitments,annual,FY19,27.0,2586.0,2586.0,-2559.0,-0.9895591647331786,-0.9895591647331786,27.0,1202.0,True,44.51851851851852,0.4725111441307578,moderate,3031,ida_54c1e427bcdc8b0a4640,medium,MULTIVARIATE_ANOMALY,isolation_forest,1,1,False,0.6271516433683438,annual|Commitments|country,Record has an unusual financial profile within its period-and-category peer segment.,disbursement_commitment_ratio normalized_deviation=247.04; relative_change normalized_deviation=5.05; year_over_year_change normalized_deviation=5.05,"Review current versus prior values, financing mix, and supporting source records.",27.0,2586.0,-2559.0,-0.9895591647331786,pending,,,,,,
Mali,WESTERN AND CENTRAL AFRICA,country,Commitments,annual,FY25,580.0,100.0,100.0,480.0,4.8,4.8,580.0,271.0,True,0.4672413793103448,0.8632986627043091,major,1564,ida_6b67cb2496849091ae22,medium,YEAR_OVER_YEAR_SHIFT,statistical_process_control,1,1,False,0.6,annual|Commitments|country,Total changed materially from the comparable prior-year period.,total=580.00; prior_year=100.00; change=480.0%,Confirm whether the shift reflects approved financing activity or a data issue.,580.0,100.0,480.0,4.8,pending,,,,,,
Guinea,AFRICA,country,Gross Disbursements,annual,FY15,148.0,26.0,26.0,122.0,4.6923076923076925,4.6923076923076925,237.0,148.0,True,0.6244725738396625,0.7196110210696921,significant,2384,ida_e5b1744cf960312a52f5,medium,YEAR_OVER_YEAR_SHIFT,statistical_process_control,1,1,False,0.5865384615384616,annual|Gross Disbursements|country,Total changed materially from the comparable prior-year period.,total=148.00; prior_year=26.00; change=469.2%,Confirm whether the shift reflects approved financing activity or a data issue.,148.0,26.0,122.0,4.6923076923076925,in_review,needs_more_information,AI-assisted data-only triage,The movement is internally consistent but its underlying project or country-program driver was not established in this data-only triage.,2026-07-26T00:00:00Z,low,https://financesone.worldbank.org/ida-commitments-and-disbursements-country-economy-summary/DS01557
South Sudan,EASTERN AND SOUTHERN AFRICA,country,Commitments,annual,FY21,223.0,40.0,40.0,183.0,4.575,4.575,223.0,24.0,True,0.10762331838565023,0.7473997028231798,significant,1947,ida_145f47381dd219ab8b46,medium,YEAR_OVER_YEAR_SHIFT,statistical_process_control,1,1,False,0.571875,annual|Commitments|country,Total changed materially from the comparable prior-year period.,total=223.00; prior_year=40.00; change=457.5%,Confirm whether the shift reflects approved financing activity or a data issue.,223.0,40.0,183.0,4.575,pending,,,,,,
Guyana,LATIN AMERICA AND CARIBBEAN,country,Commitments,annual,FY25,195.0,35.0,35.0,160.0,4.571428571428571,4.571428571428571,195.0,4.0,True,0.020512820512820513,0.7262258543833581,significant,1519,ida_143cf8401d2fc9df851d,medium,YEAR_OVER_YEAR_SHIFT,statistical_process_control,1,1,False,0.5714285714285714,annual|Commitments|country,Total changed materially from the comparable prior-year period.,total=195.00; prior_year=35.00; change=457.1%,Confirm whether the shift reflects approved financing activity or a data issue.,195.0,35.0,160.0,4.571428571428571,pending,,,,,,
Moldova,EUROPE AND CENTRAL ASIA,country,Commitments,annual,FY19,135.0,25.0,25.0,110.0,4.4,4.4,135.0,42.0,True,0.3111111111111111,0.686849925705795,significant,3084,ida_15b0f65b3155203c2309,medium,YEAR_OVER_YEAR_SHIFT,statistical_process_control,1,1,False,0.55,annual|Commitments|country,Total changed materially from the comparable prior-year period.,total=135.00; prior_year=25.00; change=440.0%,Confirm whether the shift reflects approved financing activity or a data issue.,135.0,25.0,110.0,4.4,pending,,,,,,
Lesotho,AFRICA,country,Commitments,annual,FY19,148.0,28.0,28.0,120.0,4.285714285714286,4.285714285714286,148.0,31.0,True,0.20945945945945946,0.6972511144130757,significant,3093,ida_085a64d352661e000e2a,medium,YEAR_OVER_YEAR_SHIFT,statistical_process_control,1,1,False,0.5357142857142857,annual|Commitments|country,Total changed materially from the comparable prior-year period.,total=148.00; prior_year=28.00; change=428.6%,Confirm whether the shift reflects approved financing activity or a data issue.,148.0,28.0,120.0,4.285714285714286,pending,,,,,,
Papua New Guinea,EAST ASIA AND PACIFIC,country,Gross Disbursements,annual,FY19,184.0,35.0,35.0,149.0,4.257142857142857,4.257142857142857,150.0,184.0,True,1.2266666666666666,0.7552674230145867,significant,3215,ida_77c332cd24f575291ca5,medium,YEAR_OVER_YEAR_SHIFT,statistical_process_control,1,1,False,0.5321428571428571,annual|Gross Disbursements|country,Total changed materially from the comparable prior-year period.,total=184.00; prior_year=35.00; change=425.7%,Confirm whether the shift reflects approved financing activity or a data issue.,184.0,35.0,149.0,4.257142857142857,pending,,,,,,
"Yemen, Republic of",MIDDLE EAST AND NORTH AFRICA,country,Gross Disbursements,annual,FY21,299.0,57.0,57.0,242.0,4.245614035087719,4.245614035087719,613.0,299.0,True,0.48776508972267535,0.8184764991896273,significant,1870,ida_5a5fa4acda028fd841b5,medium,YEAR_OVER_YEAR_SHIFT,statistical_process_control,1,1,False,0.5307017543859649,annual|Gross Disbursements|country,Total changed materially from the comparable prior-year period.,total=299.00; prior_year=57.00; change=424.6%,Confirm whether the shift reflects approved financing activity or a data issue.,299.0,57.0,242.0,4.245614035087719,pending,,,,,,
Central African Republic,WESTERN AND CENTRAL AFRICA,country,Commitments,annual,FY21,241.0,47.0,47.0,194.0,4.127659574468085,4.127659574468085,241.0,166.0,True,0.6887966804979253,0.7540861812778603,significant,2016,ida_ea62b3617c69985bb463,medium,YEAR_OVER_YEAR_SHIFT,statistical_process_control,1,1,False,0.5159574468085106,annual|Commitments|country,Total changed materially from the comparable prior-year period.,total=241.00; prior_year=47.00; change=412.8%,Confirm whether the shift reflects approved financing activity or a data issue.,241.0,47.0,194.0,4.127659574468085,pending,,,,,,
Uganda,AFRICA EAST,country,Commitments,annual,FY20,765.0,150.0,150.0,615.0,4.1,4.1,765.0,331.0,True,0.4326797385620915,0.9034175334323923,major,2165,ida_3c0dc620828b60a0391e,medium,YEAR_OVER_YEAR_SHIFT,statistical_process_control,1,1,False,0.5125,annual|Commitments|country,Total changed materially from the comparable prior-year period.,total=765.00; prior_year=150.00; change=410.0%,Confirm whether the shift reflects approved financing activity or a data issue.,765.0,150.0,615.0,4.1,pending,,,,,,
Mozambique,AFRICA,country,Commitments,annual,FY18,525.0,104.0,104.0,421.0,4.048076923076923,4.048076923076923,525.0,244.0,True,0.46476190476190476,0.8532689450222882,major,3280,ida_3b66e663797f12c10ebb,medium,YEAR_OVER_YEAR_SHIFT,statistical_process_control,1,1,False,0.5060096153846154,annual|Commitments|country,Total changed materially from the comparable prior-year period.,total=525.00; prior_year=104.00; change=404.8%,Confirm whether the shift reflects approved financing activity or a data issue.,525.0,104.0,421.0,4.048076923076923,in_review,needs_more_information,AI-assisted data-only triage,The movement is internally consistent but its underlying project or country-program driver was not established in this data-only triage.,2026-07-26T00:00:00Z,low,https://financesone.worldbank.org/ida-commitments-and-disbursements-country-economy-summary/DS01557
"Gambia, The",WESTERN AND CENTRAL AFRICA,country,Commitments,annual,FY22,190.0,38.0,38.0,152.0,4.0,4.0,190.0,80.0,True,0.42105263157894735,0.7206537890044576,significant,656,ida_5cac7f50332a99b21819,medium,YEAR_OVER_YEAR_SHIFT,statistical_process_control,1,1,False,0.5,annual|Commitments|country,Total changed materially from the comparable prior-year period.,total=190.00; prior_year=38.00; change=400.0%,Confirm whether the shift reflects approved financing activity or a data issue.,190.0,38.0,152.0,4.0,pending,,,,,,
Vietnam,EAST ASIA AND PACIFIC,country,Commitments,annual,FY19,399.0,80.0,80.0,319.0,3.9875,3.9875,399.0,569.0,True,1.4260651629072683,0.8179791976225854,significant,3053,ida_1f3d4b01462aa6a95418,medium,YEAR_OVER_YEAR_SHIFT,statistical_process_control,1,1,False,0.4984375,annual|Commitments|country,Total changed materially from the comparable prior-year period.,total=399.00; prior_year=80.00; change=398.8%,Confirm whether the shift reflects approved financing activity or a data issue.,399.0,80.0,319.0,3.9875,pending,,,,,,
South Sudan,EASTERN AND SOUTHERN AFRICA,country,Gross Disbursements,annual,FY25,259.0,52.0,52.0,207.0,3.980769230769231,3.980769230769231,209.0,259.0,True,1.2392344497607655,0.7986223662884927,significant,1646,ida_48f7e0c774d42a93805d,medium,YEAR_OVER_YEAR_SHIFT,statistical_process_control,1,1,False,0.49759615384615385,annual|Gross Disbursements|country,Total changed materially from the comparable prior-year period.,total=259.00; prior_year=52.00; change=398.1%,Confirm whether the shift reflects approved financing activity or a data issue.,259.0,52.0,207.0,3.980769230769231,pending,,,,,,
Zambia,AFRICA,country,Commitments,annual,FY17,353.0,77.0,77.0,276.0,3.5844155844155843,3.5844155844155843,353.0,103.0,True,0.29178470254957506,0.8060921248142645,significant,852,ida_c8095d8fbcd0b7ef86ce,medium,YEAR_OVER_YEAR_SHIFT,statistical_process_control,1,1,False,0.44805194805194803,annual|Commitments|country,Total changed materially from the comparable prior-year period.,total=353.00; prior_year=77.00; change=358.4%,Confirm whether the shift reflects approved financing activity or a data issue.,353.0,77.0,276.0,3.5844155844155843,pending,,,,,,
Mali,WESTERN AND CENTRAL AFRICA,country,Commitments,annual,FY23,647.0,143.0,143.0,504.0,3.5244755244755246,3.5244755244755246,647.0,287.0,True,0.4435857805255023,0.8818722139673105,major,414,ida_7b30cf3926fcd356538b,medium,YEAR_OVER_YEAR_SHIFT,statistical_process_control,1,1,False,0.4405594405594406,annual|Commitments|country,Total changed materially from the comparable prior-year period.,total=647.00; prior_year=143.00; change=352.4%,Confirm whether the shift reflects approved financing activity or a data issue.,647.0,143.0,504.0,3.5244755244755246,pending,,,,,,
Djibouti,MIDDLE EAST AND NORTH AFRICA,country,Commitments,annual,FY22,202.0,45.0,45.0,157.0,3.488888888888889,3.488888888888889,202.0,34.0,True,0.16831683168316833,0.7317979197622585,significant,624,ida_cb38c865b08e1ef80427,medium,YEAR_OVER_YEAR_SHIFT,statistical_process_control,1,1,False,0.4361111111111111,annual|Commitments|country,Total changed materially from the comparable prior-year period.,total=202.00; prior_year=45.00; change=348.9%,Confirm whether the shift reflects approved financing activity or a data issue.,202.0,45.0,157.0,3.488888888888889,pending,,,,,,
Liberia,AFRICA,country,Gross Disbursements,annual,FY15,184.0,42.0,42.0,142.0,3.380952380952381,3.380952380952381,257.0,184.0,True,0.7159533073929961,0.7552674230145867,significant,2388,ida_f6055597531ee2acd4ad,medium,YEAR_OVER_YEAR_SHIFT,statistical_process_control,1,1,False,0.4226190476190476,annual|Gross Disbursements|country,Total changed materially from the comparable prior-year period.,total=184.00; prior_year=42.00; change=338.1%,Confirm whether the shift reflects approved financing activity or a data issue.,184.0,42.0,142.0,3.380952380952381,pending,,,,,,
Chad,WESTERN AND CENTRAL AFRICA,country,Commitments,annual,FY22,813.0,190.0,190.0,623.0,3.278947368421053,3.278947368421053,813.0,102.0,True,0.12546125461254612,0.9167904903417533,major,652,ida_2c3067f5def38b189175,medium,YEAR_OVER_YEAR_SHIFT,statistical_process_control,1,1,False,0.4098684210526316,annual|Commitments|country,Total changed materially from the comparable prior-year period.,total=813.00; prior_year=190.00; change=327.9%,Confirm whether the shift reflects approved financing activity or a data issue.,813.0,190.0,623.0,3.278947368421053,pending,,,,,,
Uzbekistan,EUROPE AND CENTRAL ASIA,country,Commitments,annual,FY17,323.0,76.0,76.0,247.0,3.25,3.25,323.0,95.0,True,0.29411764705882354,0.7901188707280832,significant,814,ida_a6d4ffaff5ef7f650037,medium,YEAR_OVER_YEAR_SHIFT,statistical_process_control,1,1,False,0.40625,annual|Commitments|country,Total changed materially from the comparable prior-year period.,total=323.00; prior_year=76.00; change=325.0%,Confirm whether the shift reflects approved financing activity or a data issue.,323.0,76.0,247.0,3.25,in_review,needs_more_information,AI-assisted data-only triage,The movement is internally consistent but its underlying project or country-program driver was not established in this data-only triage.,2026-07-26T00:00:00Z,low,https://financesone.worldbank.org/ida-commitments-and-disbursements-country-economy-summary/DS01557
Chad,AFRICA,country,Commitments,annual,FY17,212.0,50.0,50.0,162.0,3.24,3.24,212.0,91.0,True,0.42924528301886794,0.7395988112927192,significant,845,ida_3f4fb8d4f1d173e35316,medium,YEAR_OVER_YEAR_SHIFT,statistical_process_control,1,1,False,0.405,annual|Commitments|country,Total changed materially from the comparable prior-year period.,total=212.00; prior_year=50.00; change=324.0%,Confirm whether the shift reflects approved financing activity or a data issue.,212.0,50.0,162.0,3.24,pending,,,,,,
Cameroon,AFRICA WEST,country,Commitments,annual,FY20,630.0,150.0,150.0,480.0,3.2,3.2,630.0,314.0,True,0.4984126984126984,0.8785289747399703,major,2173,ida_7b939e33837d480500a1,medium,YEAR_OVER_YEAR_SHIFT,statistical_process_control,1,1,False,0.4,annual|Commitments|country,Total changed materially from the comparable prior-year period.,total=630.00; prior_year=150.00; change=320.0%,Confirm whether the shift reflects approved financing activity or a data issue.,630.0,150.0,480.0,3.2,pending,,,,,,
Moldova,EUROPE AND CENTRAL ASIA,country,Commitments,annual,FY22,189.0,45.0,45.0,144.0,3.2,3.2,189.0,44.0,True,0.2328042328042328,0.7191679049034175,significant,596,ida_e37918d2fb93c3625289,medium,YEAR_OVER_YEAR_SHIFT,statistical_process_control,1,1,False,0.4,annual|Commitments|country,Total changed materially from the comparable prior-year period.,total=189.00; prior_year=45.00; change=320.0%,Confirm whether the shift reflects approved financing activity or a data issue.,189.0,45.0,144.0,3.2,pending,,,,,,
Senegal,AFRICA,country,Commitments,annual,FY17,630.0,150.0,150.0,480.0,3.2,3.2,630.0,149.0,True,0.2365079365079365,0.8785289747399703,major,821,ida_12d96b8635a2e7df81ff,medium,YEAR_OVER_YEAR_SHIFT,statistical_process_control,1,1,False,0.4,annual|Commitments|country,Total changed materially from the comparable prior-year period.,total=630.00; prior_year=150.00; change=320.0%,Confirm whether the shift reflects approved financing activity or a data issue.,630.0,150.0,480.0,3.2,pending,,,,,,
Niger,WESTERN AND CENTRAL AFRICA,country,Gross Disbursements,annual,FY25,621.0,149.0,149.0,472.0,3.1677852348993287,3.1677852348993287,710.0,621.0,True,0.8746478873239436,0.913290113452188,major,1721,ida_92f04f66ca69186caa2e,medium,YEAR_OVER_YEAR_SHIFT,statistical_process_control,1,1,False,0.3959731543624161,annual|Gross Disbursements|country,Total changed materially from the comparable prior-year period.,total=621.00; prior_year=149.00; change=316.8%,Confirm whether the shift reflects approved financing activity or a data issue.,621.0,149.0,472.0,3.1677852348993287,pending,,,,,,
Central African Republic,AFRICA,country,Commitments,annual,FY19,333.0,80.0,80.0,253.0,3.1625,3.1625,333.0,156.0,True,0.46846846846846846,0.7953194650817236,significant,3100,ida_fb62273b6cf5c91187a1,medium,YEAR_OVER_YEAR_SHIFT,statistical_process_control,1,1,False,0.3953125,annual|Commitments|country,Total changed materially from the comparable prior-year period.,total=333.00; prior_year=80.00; change=316.2%,Confirm whether the shift reflects approved financing activity or a data issue.,333.0,80.0,253.0,3.1625,pending,,,,,,
"Congo, Democratic Republic of",AFRICA,country,Commitments,annual,FY19,812.0,200.0,200.0,612.0,3.06,3.06,812.0,458.0,True,0.5640394088669951,0.9160475482912332,major,3033,ida_a83d533204c7260395ad,medium,YEAR_OVER_YEAR_SHIFT,statistical_process_control,1,1,False,0.3825,annual|Commitments|country,Total changed materially from the comparable prior-year period.,total=812.00; prior_year=200.00; change=306.0%,Confirm whether the shift reflects approved financing activity or a data issue.,812.0,200.0,612.0,3.06,pending,,,,,,
Tajikistan,EUROPE AND CENTRAL ASIA,country,Commitments,annual,FY25,448.0,111.0,111.0,337.0,3.036036036036036,3.036036036036036,448.0,229.0,True,0.5111607142857143,0.8354383358098069,significant,1589,ida_dd5276adf209b222749e,medium,YEAR_OVER_YEAR_SHIFT,statistical_process_control,1,1,False,0.3795045045045045,annual|Commitments|country,Total changed materially from the comparable prior-year period.,total=448.00; prior_year=111.00; change=303.6%,Confirm whether the shift reflects approved financing activity or a data issue.,448.0,111.0,337.0,3.036036036036036,pending,,,,,,
Togo,AFRICA WEST,country,Commitments,annual,FY20,278.0,70.0,70.0,208.0,2.9714285714285715,2.9714285714285715,278.0,218.0,True,0.7841726618705036,0.7704309063893017,significant,2188,ida_a4ccb6c54b7191395f5d,medium,YEAR_OVER_YEAR_SHIFT,statistical_process_control,1,1,False,0.37142857142857144,annual|Commitments|country,Total changed materially from the comparable prior-year period.,total=278.00; prior_year=70.00; change=297.1%,Confirm whether the shift reflects approved financing activity or a data issue.,278.0,70.0,208.0,2.9714285714285715,pending,,,,,,
Zambia,AFRICA,country,Commitments,annual,FY15,205.0,52.0,52.0,153.0,2.9423076923076925,2.9423076923076925,205.0,71.0,True,0.3463414634146341,0.7343982169390788,significant,2322,ida_46bfaec53806ebca1ad9,medium,YEAR_OVER_YEAR_SHIFT,statistical_process_control,1,1,False,0.36778846153846156,annual|Commitments|country,Total changed materially from the comparable prior-year period.,total=205.00; prior_year=52.00; change=294.2%,Confirm whether the shift reflects approved financing activity or a data issue.,205.0,52.0,153.0,2.9423076923076925,pending,,,,,,
Afghanistan,SOUTH ASIA,country,Commitments,annual,FY25,325.0,84.0,84.0,241.0,2.869047619047619,2.869047619047619,325.0,174.0,True,0.5353846153846153,0.7912332838038633,significant,1598,ida_5cadc5766c4fc5eeb717,medium,YEAR_OVER_YEAR_SHIFT,statistical_process_control,1,1,False,0.3586309523809524,annual|Commitments|country,Total changed materially from the comparable prior-year period.,total=325.00; prior_year=84.00; change=286.9%,Confirm whether the shift reflects approved financing activity or a data issue.,325.0,84.0,241.0,2.869047619047619,pending,,,,,,
Cambodia,EAST ASIA AND PACIFIC,country,Gross Disbursements,annual,FY22,266.0,69.0,69.0,197.0,2.8550724637681157,2.8550724637681157,284.0,266.0,True,0.9366197183098591,0.8038897893030794,significant,422,ida_c4e0d5a491752ec88989,medium,YEAR_OVER_YEAR_SHIFT,statistical_process_control,1,1,False,0.35688405797101447,annual|Gross Disbursements|country,Total changed materially from the comparable prior-year period.,total=266.00; prior_year=69.00; change=285.5%,Confirm whether the shift reflects approved financing activity or a data issue.,266.0,69.0,197.0,2.8550724637681157,pending,,,,,,
Zambia,AFRICA EAST,country,Commitments,annual,FY20,382.0,100.0,100.0,282.0,2.82,2.82,382.0,126.0,True,0.3298429319371728,0.8153789004457652,significant,2193,ida_8f8e74694cc82edabd9d,medium,YEAR_OVER_YEAR_SHIFT,statistical_process_control,1,1,False,0.3525,annual|Commitments|country,Total changed materially from the comparable prior-year period.,total=382.00; prior_year=100.00; change=282.0%,Confirm whether the shift reflects approved financing activity or a data issue.,382.0,100.0,282.0,2.82,in_review,needs_more_information,AI-assisted data-only triage,The movement is internally consistent but its underlying project or country-program driver was not established in this data-only triage.,2026-07-26T00:00:00Z,low,https://financesone.worldbank.org/ida-commitments-and-disbursements-country-economy-summary/DS01557
Zambia,EASTERN AND SOUTHERN AFRICA,country,Commitments,annual,FY22,520.0,139.0,139.0,381.0,2.741007194244604,2.741007194244604,520.0,381.0,True,0.7326923076923076,0.8514115898959881,major,586,ida_2404746daed79eff311f,medium,YEAR_OVER_YEAR_SHIFT,statistical_process_control,1,1,False,0.3426258992805755,annual|Commitments|country,Total changed materially from the comparable prior-year period.,total=520.00; prior_year=139.00; change=274.1%,Confirm whether the shift reflects approved financing activity or a data issue.,520.0,139.0,381.0,2.741007194244604,pending,,,,,,
Papua New Guinea,EAST ASIA AND PACIFIC,country,Gross Disbursements,quarterly,2026-Q3,146.76,39.51,39.51,107.25,2.7145026575550495,2.7145026575550495,149.0,146.76,True,0.98496644295302,0.7053571428571429,significant,1179,ida_0b3df5c667f22bfb2e13,medium,YEAR_OVER_YEAR_SHIFT,statistical_process_control,1,1,False,0.3393128321943812,quarterly|Gross Disbursements|country,Total changed materially from the comparable prior-year period.,total=146.76; prior_year=39.51; change=271.5%,Confirm whether the shift reflects approved financing activity or a data issue.,146.76,39.51,107.25,2.7145026575550495,pending,,,,,,
Djibouti,MIDDLE EAST AND NORTH AFRICA,country,Commitments,annual,FY25,148.0,40.0,40.0,108.0,2.7,2.7,148.0,50.0,True,0.33783783783783783,0.6972511144130757,significant,1592,ida_c5ab12ee236abc4ab2f5,medium,YEAR_OVER_YEAR_SHIFT,statistical_process_control,1,1,False,0.3375,annual|Commitments|country,Total changed materially from the comparable prior-year period.,total=148.00; prior_year=40.00; change=270.0%,Confirm whether the shift reflects approved financing activity or a data issue.,148.0,40.0,108.0,2.7,pending,,,,,,
Burundi,EASTERN AND SOUTHERN AFRICA,country,Commitments,annual,FY24,432.0,120.0,120.0,312.0,2.6,2.6,432.0,203.0,True,0.4699074074074074,0.8306092124814265,significant,2633,ida_72ea6525523114b04df7,medium,YEAR_OVER_YEAR_SHIFT,statistical_process_control,1,1,False,0.325,annual|Commitments|country,Total changed materially from the comparable prior-year period.,total=432.00; prior_year=120.00; change=260.0%,Confirm whether the shift reflects approved financing activity or a data issue.,432.0,120.0,312.0,2.6,pending,,,,,,
Sudan,EASTERN AND SOUTHERN AFRICA,country,Commitments,quarterly,2026-Q3,0.0,182.0,182.0,-182.0,-1.0,-1.0,0.0,73.0,False,,0.326271186440678,limited,40,ida_81adece225782965628b,medium,NEGATIVE_AMOUNT,rule,1,1,False,,,development_policy is negative and may represent a correction or reversal.,development_policy=-1.00,Confirm the adjustment against source documentation before reporting.,0.0,182.0,-182.0,-1.0,pending,,,,,,
Gabon,WESTERN AND CENTRAL AFRICA,country,Commitments,quarterly,2026-Q3,-0.84,0.0,0.0,-0.84,,,-0.84,,False,,0.01694915254237288,limited,146,ida_d2d18888012b1089e73b,medium,NEGATIVE_AMOUNT,rule,2,1,False,,,development_policy is negative and may represent a correction or reversal. | total is negative and may represent a correction or reversal.,development_policy=-1.00 | total=-0.84,Confirm the adjustment against source documentation before reporting.,-0.84,0.0,-0.84,,pending,,,,,,
Tuvalu,EAST ASIA AND PACIFIC,country,Commitments,quarterly,2026-Q3,25.0,16.0,16.0,9.0,0.5625,0.5625,25.0,28.0,True,1.12,0.6765536723163842,moderate,170,ida_4b6e319c0e633bdf544d,medium,NEGATIVE_AMOUNT,rule,1,1,False,,,development_policy is negative and may represent a correction or reversal.,development_policy=-1.00,Confirm the adjustment against source documentation before reporting.,25.0,16.0,9.0,0.5625,pending,,,,,,
El Salvador,LATIN AMERICA AND CARIBBEAN,country,Commitments,quarterly,2025-Q3,-1.0,,,,,,-1.0,0.0,False,,0.00847457627118644,limited,296,ida_04eb728f3272b7a510fb,medium,NEGATIVE_AMOUNT,rule,2,1,False,,,development_policy is negative and may represent a correction or reversal. | total is negative and may represent a correction or reversal.,development_policy=-1.00 | total=-1.00,Confirm the adjustment against source documentation before reporting.,-1.0,,,,pending,,,,,,
Chad,WESTERN AND CENTRAL AFRICA,country,Commitments,quarterly,2025-Q3,347.7,,,,,,347.7,209.0,True,0.6010928961748634,0.9265536723163842,significant,336,ida_65b08839163906dd705d,medium,NEGATIVE_AMOUNT,rule,1,1,False,,,development_policy is negative and may represent a correction or reversal.,development_policy=-1.30,Confirm the adjustment against source documentation before reporting.,347.7,,,,pending,,,,,,
"Congo, Republic of",WESTERN AND CENTRAL AFRICA,country,Commitments,quarterly,2025-Q3,-1.0,,,,,,-1.0,14.0,False,,0.00847457627118644,limited,337,ida_14545033926e35c9f537,medium,NEGATIVE_AMOUNT,rule,2,1,False,,,development_policy is negative and may represent a correction or reversal. | total is negative and may represent a correction or reversal.,development_policy=-1.00 | total=-1.00,Confirm the adjustment against source documentation before reporting.,-1.0,,,,pending,,,,,,
Papua New Guinea,EAST ASIA AND PACIFIC,country,Commitments,quarterly,2026-Q3,149.0,200.0,200.0,-51.0,-0.255,-0.255,149.0,146.76,True,0.98496644295302,0.8361581920903954,significant,10,ida_43e621fdc92241cb7fee,medium,NEGATIVE_AMOUNT,rule,1,1,False,,,investment_lending is negative and may represent a correction or reversal.,investment_lending=-1.00,Confirm the adjustment against source documentation before reporting.,149.0,200.0,-51.0,-0.255,pending,,,,,,
Kazakhstan,EUROPE AND CENTRAL ASIA,country,Commitments,quarterly,2026-Q3,-1.0,0.0,0.0,-1.0,,,-1.0,,False,,0.00847457627118644,limited,66,ida_d0d4dcf0718ca2842ad4,medium,NEGATIVE_AMOUNT,rule,2,1,False,,,investment_lending is negative and may represent a correction or reversal. | total is negative and may represent a correction or reversal.,investment_lending=-1.00 | total=-1.00,Confirm the adjustment against source documentation before reporting.,-1.0,0.0,-1.0,,pending,,,,,,
El Salvador,LATIN AMERICA AND CARIBBEAN,country,Commitments,quarterly,2026-Q3,-1.0,-1.0,-1.0,0.0,0.0,0.0,-1.0,0.0,False,,0.00847457627118644,limited,103,ida_07dd12ee01c0f7c1a3a7,medium,NEGATIVE_AMOUNT,rule,2,1,False,,,investment_lending is negative and may represent a correction or reversal. | total is negative and may represent a correction or reversal.,investment_lending=-1.00 | total=-1.00,Confirm the adjustment against source documentation before reporting.,-1.0,-1.0,0.0,0.0,pending,,,,,,
Oman,"MIDDLE EAST, NORTH AFRICA, AFGHANISTAN, AND PAKISTAN",country,Commitments,quarterly,2026-Q3,-1.0,0.0,0.0,-1.0,,,-1.0,,False,,0.00847457627118644,limited,131,ida_53145c6125c633fb3d04,medium,NEGATIVE_AMOUNT,rule,2,1,False,,,investment_lending is negative and may represent a correction or reversal. | total is negative and may represent a correction or reversal.,investment_lending=-1.00 | total=-1.00,Confirm the adjustment against source documentation before reporting.,-1.0,0.0,-1.0,,pending,,,,,,
Rwanda,EASTERN AND SOUTHERN AFRICA,country,Commitments,quarterly,2025-Q3,454.0,,,,,,454.0,547.51,True,1.2059691629955946,0.940677966101695,significant,227,ida_cfd795c7fcdab0fc55e9,medium,NEGATIVE_AMOUNT,rule,1,1,False,,,investment_lending is negative and may represent a correction or reversal.,investment_lending=-1.00,Confirm the adjustment against source documentation before reporting.,454.0,,,,pending,,,,,,
Albania,EUROPE AND CENTRAL ASIA,country,Commitments,quarterly,2025-Q3,-0.49,,,,,,-0.49,0.0,False,,0.0211864406779661,limited,238,ida_d7b147add808e7799770,medium,NEGATIVE_AMOUNT,rule,2,1,False,,,investment_lending is negative and may represent a correction or reversal. | total is negative and may represent a correction or reversal.,investment_lending=-0.49 | total=-0.49,Confirm the adjustment against source documentation before reporting.,-0.49,,,,pending,,,,,,
Bulgaria,EUROPE AND CENTRAL ASIA,country,Commitments,quarterly,2025-Q3,-0.49,,,,,,-0.49,,False,,0.0211864406779661,limited,245,ida_ec2fe8f3409d15528859,medium,NEGATIVE_AMOUNT,rule,2,1,False,,,investment_lending is negative and may represent a correction or reversal. | total is negative and may represent a correction or reversal.,investment_lending=-0.49 | total=-0.49,Confirm the adjustment against source documentation before reporting.,-0.49,,,,pending,,,,,,
Iraq,MIDDLE EAST AND NORTH AFRICA,country,Gross Disbursements,annual,FY17,-1.0,19.0,19.0,-20.0,-1.0526315789473684,-1.0526315789473684,,-1.0,False,,0.006482982171799027,limited,1000,ida_6707c99f09248f7d7b94,medium,NEGATIVE_AMOUNT,rule,2,1,False,,,investment_lending is negative and may represent a correction or reversal. | total is negative and may represent a correction or reversal.,investment_lending=-1.00 | total=-1.00,Confirm the adjustment against source documentation before reporting.,-1.0,19.0,-20.0,-1.0526315789473684,pending,,,,,,
Dominican Republic,LATIN AMERICA AND CARIBBEAN,country,Gross Disbursements,quarterly,2026-Q3,-0.25,0.0,0.0,-0.25,,,0.0,-0.25,False,,0.017857142857142856,limited,1233,ida_d03d7893bc29cf568d78,medium,NEGATIVE_AMOUNT,rule,2,1,False,,,investment_lending is negative and may represent a correction or reversal. | total is negative and may represent a correction or reversal.,investment_lending=-0.25 | total=-0.25,Confirm the adjustment against source documentation before reporting.,-0.25,0.0,-0.25,,pending,,,,,,
Nicaragua,LATIN AMERICA AND CARIBBEAN,country,Gross Disbursements,quarterly,2026-Q3,-11.0,22.0,22.0,-33.0,-1.5,-1.5,0.0,-11.0,False,,0.004464285714285714,moderate,1240,ida_bd4ec66f7d2b905cb785,medium,NEGATIVE_AMOUNT,rule,2,1,False,,,investment_lending is negative and may represent a correction or reversal. | total is negative and may represent a correction or reversal.,investment_lending=-11.00 | total=-11.00,Confirm the adjustment against source documentation before reporting.,-11.0,22.0,-33.0,-1.5,pending,,,,,,
Central Africa,WESTERN AND CENTRAL AFRICA,aggregate_or_institution,Gross Disbursements,quarterly,2026-Q3,-2.0,2.0,2.0,-4.0,-2.0,-2.0,0.0,-2.0,False,,0.045454545454545456,limited,1270,ida_8e449f6978a1926bea37,medium,NEGATIVE_AMOUNT,rule,2,1,False,,,investment_lending is negative and may represent a correction or reversal. | total is negative and may represent a correction or reversal.,investment_lending=-2.00 | total=-2.00,Confirm the adjustment against source documentation before reporting.,-2.0,2.0,-4.0,-2.0,pending,,,,,,
Myanmar,EAST ASIA AND PACIFIC,country,Gross Disbursements,quarterly,2025-Q3,-5.0,,,,,,0.0,-5.0,False,,0.008928571428571428,limited,1300,ida_5ffd76429390bf2ec553,medium,NEGATIVE_AMOUNT,rule,2,1,False,,,investment_lending is negative and may represent a correction or reversal. | total is negative and may represent a correction or reversal.,investment_lending=-5.00 | total=-5.00,Confirm the adjustment against source documentation before reporting.,-5.0,,,,in_review,needs_more_information,AI-assisted data-only triage,The negative value may represent a correction or reversal. Source transaction or adjustment documentation is required before classification.,2026-07-26T00:00:00Z,low,https://financesone.worldbank.org/ida-commitments-and-disbursements-country-economy-summary/DS01557
Armenia,EUROPE AND CENTRAL ASIA,country,Gross Disbursements,quarterly,2025-Q3,-0.51,,,,,,0.0,-0.51,False,,0.013392857142857142,limited,1338,ida_80ddf81f62437455c54a,medium,NEGATIVE_AMOUNT,rule,2,1,False,,,investment_lending is negative and may represent a correction or reversal. | total is negative and may represent a correction or reversal.,investment_lending=-0.51 | total=-0.51,Confirm the adjustment against source documentation before reporting.,-0.51,,,,pending,,,,,,
Myanmar,EAST ASIA AND PACIFIC,country,Gross Disbursements,annual,FY25,-5.0,-10.0,-10.0,5.0,0.5,0.5,93.0,-5.0,True,-0.053763440860215055,0.0024311183144246355,limited,1615,ida_75a8fbe576e209f56d95,medium,NEGATIVE_AMOUNT,rule,2,1,False,,,investment_lending is negative and may represent a correction or reversal. | total is negative and may represent a correction or reversal.,investment_lending=-5.00 | total=-5.00,Confirm the adjustment against source documentation before reporting.,-5.0,-10.0,5.0,0.5,pending,,,,,,
Armenia,EUROPE AND CENTRAL ASIA,country,Gross Disbursements,annual,FY25,-1.0,2.0,2.0,-3.0,-1.5,-1.5,0.0,-1.0,False,,0.006482982171799027,limited,1653,ida_a15d8d9c17d6c5060b50,medium,NEGATIVE_AMOUNT,rule,2,1,False,,,investment_lending is negative and may represent a correction or reversal. | total is negative and may represent a correction or reversal.,investment_lending=-1.00 | total=-1.00,Confirm the adjustment against source documentation before reporting.,-1.0,2.0,-3.0,-1.5,pending,,,,,,
Myanmar,EAST ASIA AND PACIFIC,country,Gross Disbursements,annual,FY24,-10.0,-19.0,-19.0,9.0,0.47368421052631576,0.47368421052631576,0.0,-10.0,False,,0.0016207455429497568,limited,1736,ida_361c91937fa794a2eda7,medium,NEGATIVE_AMOUNT,rule,2,1,False,,,investment_lending is negative and may represent a correction or reversal. | total is negative and may represent a correction or reversal.,investment_lending=-10.00 | total=-10.00,Confirm the adjustment against source documentation before reporting.,-10.0,-19.0,9.0,0.47368421052631576,pending,,,,,,
Sudan,EASTERN AND SOUTHERN AFRICA,country,Gross Disbursements,annual,FY24,-3.0,0.0,0.0,-3.0,,,0.0,-3.0,False,,0.004051863857374392,limited,1767,ida_347f2e289e3c39abde4b,medium,NEGATIVE_AMOUNT,rule,2,1,False,,,investment_lending is negative and may represent a correction or reversal. | total is negative and may represent a correction or reversal.,investment_lending=-3.00 | total=-3.00,Confirm the adjustment against source documentation before reporting.,-3.0,0.0,-3.0,,pending,,,,,,
Indonesia,EAST ASIA AND PACIFIC,country,Gross Disbursements,annual,FY15,-1.0,-3.0,-3.0,2.0,0.6666666666666666,0.6666666666666666,,-1.0,False,,0.006482982171799027,limited,2406,ida_04d34c870c18e60a4c9f,medium,NEGATIVE_AMOUNT,rule,2,1,False,,,investment_lending is negative and may represent a correction or reversal. | total is negative and may represent a correction or reversal.,investment_lending=-1.00 | total=-1.00,Confirm the adjustment against source documentation before reporting.,-1.0,-3.0,2.0,0.6666666666666666,pending,,,,,,
Indonesia,EAST ASIA AND PACIFIC,country,Gross Disbursements,annual,FY14,-3.0,,,,,,,-3.0,False,,0.004051863857374392,limited,2574,ida_86bb39d8b0383d866148,medium,NEGATIVE_AMOUNT,rule,2,1,False,,,investment_lending is negative and may represent a correction or reversal. | total is negative and may represent a correction or reversal.,investment_lending=-3.00 | total=-3.00,Confirm the adjustment against source documentation before reporting.,-3.0,,,,pending,,,,,,
Myanmar,EAST ASIA AND PACIFIC,country,Gross Disbursements,annual,FY23,-19.0,43.0,43.0,-62.0,-1.441860465116279,-1.441860465116279,0.0,-19.0,False,,0.0008103727714748784,moderate,2814,ida_8ef607329ac493c2870a,medium,NEGATIVE_AMOUNT,rule,2,1,False,,,investment_lending is negative and may represent a correction or reversal. | total is negative and may represent a correction or reversal.,investment_lending=-19.00 | total=-19.00,Confirm the adjustment against source documentation before reporting.,-19.0,43.0,-62.0,-1.441860465116279,pending,,,,,,
Afghanistan,SOUTH ASIA,country,Gross Disbursements,annual,FY23,-3.0,162.0,162.0,-165.0,-1.0185185185185186,-1.0185185185185186,0.0,-3.0,False,,0.004051863857374392,limited,2893,ida_f90becd5a99df5ae7e5b,medium,NEGATIVE_AMOUNT,rule,2,1,False,,,investment_lending is negative and may represent a correction or reversal. | total is negative and may represent a correction or reversal.,investment_lending=-3.00 | total=-3.00,Confirm the adjustment against source documentation before reporting.,-3.0,162.0,-165.0,-1.0185185185185186,pending,,,,,,
Nigeria,WESTERN AND CENTRAL AFRICA,country,Gross Disbursements,quarterly,2026-Q3,983.19,898.2,898.2,84.99000000000001,0.09462257849031397,0.09462257849031397,1650.0,983.19,True,0.5958727272727273,0.9821428571428571,major,1284,ida_7268a06f60b44e171927,medium,NEGATIVE_AMOUNT,rule,1,1,False,,,others is negative and may represent a correction or reversal.,others=-0.30,Confirm the adjustment against source documentation before reporting.,983.19,898.2,84.99000000000001,0.09462257849031397,pending,,,,,,
World,OTHER,aggregate_or_institution,Commitments,annual,FY17,50.0,,,,,,50.0,50.0,True,1.0,0.7412280701754386,moderate,887,ida_b0092e0914260607732c,medium,TOTAL_MISMATCH,rule,1,1,False,,,Aggregate total does not reconcile to country-style financing components; the aggregate reporting semantics may differ.,reported=50.00; components=0.00; difference=50.00,Confirm the aggregate definition before treating this as a data-quality error.,50.0,,,,pending,,,,,,
World,OTHER,aggregate_or_institution,Gross Disbursements,annual,FY17,50.0,,,,,,50.0,50.0,True,1.0,0.8936170212765957,moderate,1004,ida_654bc565867de9e77f49,medium,TOTAL_MISMATCH,rule,1,1,False,,,Aggregate total does not reconcile to country-style financing components; the aggregate reporting semantics may differ.,reported=50.00; components=0.00; difference=50.00,Confirm the aggregate definition before treating this as a data-quality error.,50.0,,,,pending,,,,,,
