row_id,severity,reason_code,detector,message,evidence,recommended_action,anomaly_score,country,region,category,time_period,total
3223,critical,MULTIVARIATE_ANOMALY,isolation_forest,Record has an unusual financial profile across multiple signals.,disbursement_commitment_ratio=16.000; relative_change=15.000; year_over_year_change=15.000,"Review component mix, period changes, and supporting source records.",0.9999999999974268,Grenada,LATIN AMERICA AND CARIBBEAN,Gross Disbursements,FY19,32.0
2069,critical,MULTIVARIATE_ANOMALY,isolation_forest,Record has an unusual financial profile across multiple signals.,relative_change=73.286; year_over_year_change=73.286; log1p_total=6.256,"Review component mix, period changes, and supporting source records.",0.9765329914448402,Somalia,AFRICA EAST,Gross Disbursements,FY20,520.0
2151,critical,MULTIVARIATE_ANOMALY,isolation_forest,Record has an unusual financial profile across multiple signals.,relative_change=94.407; year_over_year_change=94.407; log1p_total=7.854,"Review component mix, period changes, and supporting source records.",0.966449145379616,Nigeria,AFRICA WEST,Commitments,FY20,2576.0
815,critical,MULTIVARIATE_ANOMALY,isolation_forest,Record has an unusual financial profile across multiple signals.,relative_change=31.000; year_over_year_change=31.000; log1p_total=6.463,"Review component mix, period changes, and supporting source records.",0.9428591795520663,Nepal,SOUTH ASIA,Commitments,FY17,640.0
569,critical,MULTIVARIATE_ANOMALY,isolation_forest,Record has an unusual financial profile across multiple signals.,relative_change=31.333; year_over_year_change=31.333; log1p_total=4.585,"Review component mix, period changes, and supporting source records.",0.9180935267755901,Eastern and Southern Africa,EASTERN AND SOUTHERN AFRICA,Commitments,FY22,97.0
149,critical,MULTIVARIATE_ANOMALY,isolation_forest,Record has an unusual financial profile across multiple signals.,disbursement_commitment_ratio=94.737; quarter=3.000; development_policy_share=1.000,"Review component mix, period changes, and supporting source records.",0.907548688204308,Guinea-Bissau,WESTERN AND CENTRAL AFRICA,Commitments,2026-Q3,0.19
1259,critical,MULTIVARIATE_ANOMALY,isolation_forest,Record has an unusual financial profile across multiple signals.,year_over_year_change=12.534; relative_change=10.233; log1p_total=3.547,"Review component mix, period changes, and supporting source records.",0.8726147634489025,Bhutan,SOUTH ASIA,Gross Disbursements,2026-Q3,33.7
2220,critical,MULTIVARIATE_ANOMALY,isolation_forest,Record has an unusual financial profile across multiple signals.,relative_change=44.500; year_over_year_change=44.500; log1p_total=4.522,"Review component mix, period changes, and supporting source records.",0.862114794454209,Grenada,LATIN AMERICA AND CARIBBEAN,Commitments,FY20,91.0
1596,critical,MULTIVARIATE_ANOMALY,isolation_forest,Record has an unusual financial profile across multiple signals.,relative_change=31.000; log1p_total=4.174; quarter=4.000,"Review component mix, period changes, and supporting source records.",0.8614260014904171,MIGA,OTHER,Commitments,FY25,64.0
555,critical,MULTIVARIATE_ANOMALY,isolation_forest,Record has an unusual financial profile across multiple signals.,relative_change=34.400; year_over_year_change=34.400; log1p_total=5.182,"Review component mix, period changes, and supporting source records.",0.8512199549359701,Solomon Islands,EAST ASIA AND PACIFIC,Commitments,FY22,177.0
2864,critical,MULTIVARIATE_ANOMALY,isolation_forest,Record has an unusual financial profile across multiple signals.,relative_change=36.846; year_over_year_change=36.846; log1p_total=6.893,"Review component mix, period changes, and supporting source records.",0.8421239746907766,Ukraine,EUROPE AND CENTRAL ASIA,Gross Disbursements,FY23,984.0
1293,critical,MULTIVARIATE_ANOMALY,isolation_forest,Record has an unusual financial profile across multiple signals.,relative_change=13.286; log1p_total=4.615; quarter=3.000,"Review component mix, period changes, and supporting source records.",0.8380556774865908,Fiji,EAST ASIA AND PACIFIC,Gross Disbursements,2025-Q3,100.0
183,critical,MULTIVARIATE_ANOMALY,isolation_forest,Record has an unusual financial profile across multiple signals.,year_over_year_change=28.500; log1p_total=4.094; quarter=3.000,"Review component mix, period changes, and supporting source records.",0.8348766912987363,MIGA,OTHER,Commitments,2026-Q3,59.0
337,critical,MULTIVARIATE_ANOMALY,isolation_forest,Record has an unusual financial profile across multiple signals.,disbursement_commitment_ratio=14.000; quarter=3.000; relative_change=-1.004,"Review component mix, period changes, and supporting source records.",0.8243056284058732,"Congo, Republic of",WESTERN AND CENTRAL AFRICA,Commitments,2025-Q3,-1.0
1817,critical,MULTIVARIATE_ANOMALY,isolation_forest,Record has an unusual financial profile across multiple signals.,relative_change=13.000; year_over_year_change=13.000; log1p_total=4.043,"Review component mix, period changes, and supporting source records.",0.8111092998907227,Bhutan,SOUTH ASIA,Gross Disbursements,FY24,56.0
3187,critical,MULTIVARIATE_ANOMALY,isolation_forest,Record has an unusual financial profile across multiple signals.,relative_change=8.333; year_over_year_change=8.333; disbursement_commitment_ratio=7.527,"Review component mix, period changes, and supporting source records.",0.810438104622189,Uzbekistan,EUROPE AND CENTRAL ASIA,Gross Disbursements,FY19,700.0
1228,critical,MULTIVARIATE_ANOMALY,isolation_forest,Record has an unusual financial profile across multiple signals.,log1p_total=6.586; quarter=3.000; program_for_results_share=0.921,"Review component mix, period changes, and supporting source records.",0.8050517202372182,Ukraine,EUROPE AND CENTRAL ASIA,Gross Disbursements,2026-Q3,724.0
1815,critical,MULTIVARIATE_ANOMALY,isolation_forest,Record has an unusual financial profile across multiple signals.,relative_change=32.333; year_over_year_change=32.333; log1p_total=4.554,"Review component mix, period changes, and supporting source records.",0.8036871491379857,Afghanistan,SOUTH ASIA,Gross Disbursements,FY24,94.0
506,critical,MULTIVARIATE_ANOMALY,isolation_forest,Record has an unusual financial profile across multiple signals.,relative_change=5.833; year_over_year_change=5.833; quarter=4.000,"Review component mix, period changes, and supporting source records.",0.801462397808191,IFC,OTHER,Gross Disbursements,FY22,41.0
887,critical,TOTAL_MISMATCH,rule,Reported total does not reconcile to financing components.,reported=50.00; components=0.00; difference=50.00,Recalculate the total or trace the missing financing component.,,World,OTHER,Commitments,FY17,50.0
1004,critical,TOTAL_MISMATCH,rule,Reported total does not reconcile to financing components.,reported=50.00; components=0.00; difference=50.00,Recalculate the total or trace the missing financing component.,,World,OTHER,Gross Disbursements,FY17,50.0
1069,high,YEAR_OVER_YEAR_SHIFT,statistical_process_control,Total changed materially from the comparable prior-year period.,total=250.00; prior_year=22.00; change=1036.4%,Confirm whether the shift reflects approved financing activity or a data issue.,1.0,Afghanistan,SOUTH ASIA,Commitments,FY16,250.0
2226,high,YEAR_OVER_YEAR_SHIFT,statistical_process_control,Total changed materially from the comparable prior-year period.,total=443.00; prior_year=28.00; change=1482.1%,Confirm whether the shift reflects approved financing activity or a data issue.,1.0,Eastern Africa,AFRICA EAST,Commitments,FY20,443.0
2306,high,YEAR_OVER_YEAR_SHIFT,statistical_process_control,Total changed materially from the comparable prior-year period.,total=257.00; prior_year=22.00; change=1068.2%,Confirm whether the shift reflects approved financing activity or a data issue.,1.0,Liberia,AFRICA,Commitments,FY15,257.0
2182,high,YEAR_OVER_YEAR_SHIFT,statistical_process_control,Total changed materially from the comparable prior-year period.,total=293.00; prior_year=23.00; change=1173.9%,Confirm whether the shift reflects approved financing activity or a data issue.,1.0,Mauritania,AFRICA WEST,Commitments,FY20,293.0
815,high,YEAR_OVER_YEAR_SHIFT,statistical_process_control,Total changed materially from the comparable prior-year period.,total=640.00; prior_year=20.00; change=3100.0%,Confirm whether the shift reflects approved financing activity or a data issue.,1.0,Nepal,SOUTH ASIA,Commitments,FY17,640.0
2151,high,YEAR_OVER_YEAR_SHIFT,statistical_process_control,Total changed materially from the comparable prior-year period.,"total=2,576.00; prior_year=27.00; change=9440.7%",Confirm whether the shift reflects approved financing activity or a data issue.,1.0,Nigeria,AFRICA WEST,Commitments,FY20,2576.0
2176,high,YEAR_OVER_YEAR_SHIFT,statistical_process_control,Total changed materially from the comparable prior-year period.,total=902.00; prior_year=98.00; change=820.4%,Confirm whether the shift reflects approved financing activity or a data issue.,1.0,Somalia,AFRICA EAST,Commitments,FY20,902.0
2159,high,YEAR_OVER_YEAR_SHIFT,statistical_process_control,Total changed materially from the comparable prior-year period.,total=950.00; prior_year=75.00; change=1166.7%,Confirm whether the shift reflects approved financing activity or a data issue.,1.0,Tanzania,AFRICA EAST,Commitments,FY20,950.0
2864,high,YEAR_OVER_YEAR_SHIFT,statistical_process_control,Total changed materially from the comparable prior-year period.,total=984.00; prior_year=26.00; change=3684.6%,Confirm whether the shift reflects approved financing activity or a data issue.,1.0,Ukraine,EUROPE AND CENTRAL ASIA,Gross Disbursements,FY23,984.0
3187,high,YEAR_OVER_YEAR_SHIFT,statistical_process_control,Total changed materially from the comparable prior-year period.,total=700.00; prior_year=75.00; change=833.3%,Confirm whether the shift reflects approved financing activity or a data issue.,1.0,Uzbekistan,EUROPE AND CENTRAL ASIA,Gross Disbursements,FY19,700.0
1998,high,YEAR_OVER_YEAR_SHIFT,statistical_process_control,Total changed materially from the comparable prior-year period.,total=613.00; prior_year=52.00; change=1078.8%,Confirm whether the shift reflects approved financing activity or a data issue.,1.0,"Yemen, Republic of",MIDDLE EAST AND NORTH AFRICA,Commitments,FY21,613.0
2164,high,YEAR_OVER_YEAR_SHIFT,statistical_process_control,Total changed materially from the comparable prior-year period.,total=803.00; prior_year=93.00; change=763.4%,Confirm whether the shift reflects approved financing activity or a data issue.,0.9543010752688172,Uzbekistan,EUROPE AND CENTRAL ASIA,Commitments,FY20,803.0
1521,high,YEAR_OVER_YEAR_SHIFT,statistical_process_control,Total changed materially from the comparable prior-year period.,total=332.00; prior_year=40.00; change=730.0%,Confirm whether the shift reflects approved financing activity or a data issue.,0.9125,Honduras,LATIN AMERICA AND CARIBBEAN,Commitments,FY25,332.0
1599,high,YEAR_OVER_YEAR_SHIFT,statistical_process_control,Total changed materially from the comparable prior-year period.,total=414.00; prior_year=50.00; change=728.0%,Confirm whether the shift reflects approved financing activity or a data issue.,0.91,Bhutan,SOUTH ASIA,Commitments,FY25,414.0
460,high,YEAR_OVER_YEAR_SHIFT,statistical_process_control,Total changed materially from the comparable prior-year period.,total=198.00; prior_year=24.00; change=725.0%,Confirm whether the shift reflects approved financing activity or a data issue.,0.90625,South Sudan,EASTERN AND SOUTHERN AFRICA,Gross Disbursements,FY22,198.0
411,high,YEAR_OVER_YEAR_SHIFT,statistical_process_control,Total changed materially from the comparable prior-year period.,total=206.00; prior_year=25.00; change=724.0%,Confirm whether the shift reflects approved financing activity or a data issue.,0.905,Guinea,WESTERN AND CENTRAL AFRICA,Commitments,FY23,206.0
827,high,YEAR_OVER_YEAR_SHIFT,statistical_process_control,Total changed materially from the comparable prior-year period.,total=421.00; prior_year=52.00; change=709.6%,Confirm whether the shift reflects approved financing activity or a data issue.,0.8870192307692307,Malawi,AFRICA,Commitments,FY17,421.0
220,high,MULTIVARIATE_ANOMALY,isolation_forest,Record has an unusual financial profile across multiple signals.,log1p_total=5.525; quarter=3.000; disbursement_commitment_ratio=1.944,"Review component mix, period changes, and supporting source records.",0.7972845632060813,Kenya,EASTERN AND SOUTHERN AFRICA,Commitments,2025-Q3,250.0
846,high,YEAR_OVER_YEAR_SHIFT,statistical_process_control,Total changed materially from the comparable prior-year period.,total=143.00; prior_year=20.00; change=615.0%,Confirm whether the shift reflects approved financing activity or a data issue.,0.76875,Central African Republic,AFRICA,Commitments,FY17,143.0
2647,high,MULTIVARIATE_ANOMALY,isolation_forest,Record has an unusual financial profile across multiple signals.,relative_change=24.667; year_over_year_change=24.667; log1p_total=4.357,"Review component mix, period changes, and supporting source records.",0.7686173042931981,Sao Tome and Principe,EASTERN AND SOUTHERN AFRICA,Commitments,FY24,77.0
334,high,MULTIVARIATE_ANOMALY,isolation_forest,Record has an unusual financial profile across multiple signals.,log1p_total=5.303; quarter=3.000; disbursement_commitment_ratio=1.613,"Review component mix, period changes, and supporting source records.",0.767591402208242,Cameroon,WESTERN AND CENTRAL AFRICA,Commitments,2025-Q3,200.0
1220,high,MULTIVARIATE_ANOMALY,isolation_forest,Record has an unusual financial profile across multiple signals.,year_over_year_change=7.006; log1p_total=4.762; relative_change=4.524,"Review component mix, period changes, and supporting source records.",0.7662853319749384,Kosovo,EUROPE AND CENTRAL ASIA,Gross Disbursements,2026-Q3,116.0
2180,high,MULTIVARIATE_ANOMALY,isolation_forest,Record has an unusual financial profile across multiple signals.,log1p_total=6.395; quarter=4.000; relative_change=3.068,"Review component mix, period changes, and supporting source records.",0.7648975058377996,IFC,OTHER,Commitments,FY20,598.0
2282,high,MULTIVARIATE_ANOMALY,isolation_forest,Record has an unusual financial profile across multiple signals.,relative_change=10.500; year_over_year_change=10.500; quarter=4.000,"Review component mix, period changes, and supporting source records.",0.7519348613678893,Bhutan,SOUTH ASIA,Gross Disbursements,FY16,23.0
2679,high,YEAR_OVER_YEAR_SHIFT,statistical_process_control,Total changed materially from the comparable prior-year period.,total=140.00; prior_year=20.00; change=600.0%,Confirm whether the shift reflects approved financing activity or a data issue.,0.75,Kosovo,EUROPE AND CENTRAL ASIA,Commitments,FY24,140.0
136,high,MULTIVARIATE_ANOMALY,isolation_forest,Record has an unusual financial profile across multiple signals.,log1p_total=6.807; quarter=3.000; program_for_results_share=1.000,"Review component mix, period changes, and supporting source records.",0.7469295980310114,Pakistan,"MIDDLE EAST, NORTH AFRICA, AFGHANISTAN, AND PAKISTAN",Commitments,2026-Q3,903.0
1382,high,MULTIVARIATE_ANOMALY,isolation_forest,Record has an unusual financial profile across multiple signals.,quarter=3.000; log1p_total=1.250; relative_change=-0.956,"Review component mix, period changes, and supporting source records.",0.7426395445414101,Bhutan,SOUTH ASIA,Gross Disbursements,2025-Q3,2.49
2086,high,MULTIVARIATE_ANOMALY,isolation_forest,Record has an unusual financial profile across multiple signals.,relative_change=18.000; year_over_year_change=18.000; log1p_total=4.060,"Review component mix, period changes, and supporting source records.",0.7414511832302293,St. Vincent and the Grenadines,LATIN AMERICA AND CARIBBEAN,Gross Disbursements,FY20,57.0
3236,high,MULTIVARIATE_ANOMALY,isolation_forest,Record has an unusual financial profile across multiple signals.,quarter=4.000; log1p_total=3.434; relative_change=2.750,"Review component mix, period changes, and supporting source records.",0.7380726618377793,Jordan,MIDDLE EAST AND NORTH AFRICA,Gross Disbursements,FY19,30.0
1557,high,MULTIVARIATE_ANOMALY,isolation_forest,Record has an unusual financial profile across multiple signals.,relative_change=62.000; log1p_total=4.127; quarter=4.000,"Review component mix, period changes, and supporting source records.",0.736399528718223,"Congo, Republic of",WESTERN AND CENTRAL AFRICA,Commitments,FY25,61.0
1273,high,MULTIVARIATE_ANOMALY,isolation_forest,Record has an unusual financial profile across multiple signals.,year_over_year_change=6.643; log1p_total=4.682; quarter=3.000,"Review component mix, period changes, and supporting source records.",0.7264984052597264,"Congo, Republic of",WESTERN AND CENTRAL AFRICA,Gross Disbursements,2026-Q3,107.0
134,high,MULTIVARIATE_ANOMALY,isolation_forest,Record has an unusual financial profile across multiple signals.,log1p_total=6.256; quarter=3.000; disbursement_commitment_ratio=1.424,"Review component mix, period changes, and supporting source records.",0.7257421198841024,Bangladesh,SOUTH ASIA,Commitments,2026-Q3,520.0
1595,high,MULTIVARIATE_ANOMALY,isolation_forest,Record has an unusual financial profile across multiple signals.,log1p_total=5.892; relative_change=4.309; quarter=4.000,"Review component mix, period changes, and supporting source records.",0.7251555483286706,IFC,OTHER,Commitments,FY25,361.0
2096,high,MULTIVARIATE_ANOMALY,isolation_forest,Record has an unusual financial profile across multiple signals.,relative_change=10.500; year_over_year_change=10.500; log1p_total=4.934,"Review component mix, period changes, and supporting source records.",0.7238605899686227,Honduras,LATIN AMERICA AND CARIBBEAN,Gross Disbursements,FY20,138.0
42,high,MULTIVARIATE_ANOMALY,isolation_forest,Record has an unusual financial profile across multiple signals.,log1p_total=6.692; quarter=3.000; program_for_results_share=0.919,"Review component mix, period changes, and supporting source records.",0.7233370456047639,Uganda,EASTERN AND SOUTHERN AFRICA,Commitments,2026-Q3,805.0
1608,high,MULTIVARIATE_ANOMALY,isolation_forest,Record has an unusual financial profile across multiple signals.,year_over_year_change=13.429; log1p_total=4.625; quarter=4.000,"Review component mix, period changes, and supporting source records.",0.7190784208447059,Fiji,EAST ASIA AND PACIFIC,Gross Disbursements,FY25,101.0
182,high,MULTIVARIATE_ANOMALY,isolation_forest,Record has an unusual financial profile across multiple signals.,log1p_total=4.762; quarter=3.000; others_share=1.000,"Review component mix, period changes, and supporting source records.",0.7102553066764663,IFC,OTHER,Commitments,2026-Q3,116.0
1291,high,MULTIVARIATE_ANOMALY,isolation_forest,Record has an unusual financial profile across multiple signals.,log1p_total=5.939; disbursement_commitment_ratio=4.731; quarter=3.000,"Review component mix, period changes, and supporting source records.",0.7097388486487963,Cambodia,EAST ASIA AND PACIFIC,Gross Disbursements,2025-Q3,378.51
155,high,MULTIVARIATE_ANOMALY,isolation_forest,Record has an unusual financial profile across multiple signals.,log1p_total=4.949; disbursement_commitment_ratio=3.250; quarter=3.000,"Review component mix, period changes, and supporting source records.",0.7081234159218553,Senegal,WESTERN AND CENTRAL AFRICA,Commitments,2026-Q3,140.0
1167,high,MULTIVARIATE_ANOMALY,isolation_forest,Record has an unusual financial profile across multiple signals.,log1p_total=4.369; quarter=3.000; disbursement_commitment_ratio=1.295,"Review component mix, period changes, and supporting source records.",0.7028774724534238,"Gambia, The",WESTERN AND CENTRAL AFRICA,Commitments,2025-Q3,78.0
388,high,MULTIVARIATE_ANOMALY,isolation_forest,Record has an unusual financial profile across multiple signals.,log1p_total=5.817; quarter=4.000; relative_change=1.913,"Review component mix, period changes, and supporting source records.",0.7010850389780392,MIGA,OTHER,Commitments,FY23,335.0
227,high,MULTIVARIATE_ANOMALY,isolation_forest,Record has an unusual financial profile across multiple signals.,log1p_total=6.120; quarter=3.000; disbursement_commitment_ratio=1.206,"Review component mix, period changes, and supporting source records.",0.699299448535408,Rwanda,EASTERN AND SOUTHERN AFRICA,Commitments,2025-Q3,454.0
1865,high,MULTIVARIATE_ANOMALY,isolation_forest,Record has an unusual financial profile across multiple signals.,quarter=4.000; log1p_total=3.367; relative_change=1.800,"Review component mix, period changes, and supporting source records.",0.6940452847283383,Jordan,MIDDLE EAST AND NORTH AFRICA,Gross Disbursements,FY21,28.0
897,high,MULTIVARIATE_ANOMALY,isolation_forest,Record has an unusual financial profile across multiple signals.,relative_change=18.412; year_over_year_change=18.412; log1p_total=5.802,"Review component mix, period changes, and supporting source records.",0.6935569292179774,"Yemen, Republic of",MIDDLE EAST AND NORTH AFRICA,Gross Disbursements,FY17,330.0
87,high,MULTIVARIATE_ANOMALY,isolation_forest,Record has an unusual financial profile across multiple signals.,log1p_total=6.071; quarter=3.000; disbursement_commitment_ratio=1.509,"Review component mix, period changes, and supporting source records.",0.6917561296036133,Uzbekistan,EUROPE AND CENTRAL ASIA,Commitments,2026-Q3,432.0
1161,high,MULTIVARIATE_ANOMALY,isolation_forest,Record has an unusual financial profile across multiple signals.,log1p_total=4.466; quarter=3.000; relative_change=0.720,"Review component mix, period changes, and supporting source records.",0.6909545057605645,Bhutan,SOUTH ASIA,Commitments,2025-Q3,86.0
144,high,MULTIVARIATE_ANOMALY,isolation_forest,Record has an unusual financial profile across multiple signals.,year_over_year_change=181.000; log1p_total=5.198; quarter=3.000,"Review component mix, period changes, and supporting source records.",0.690335898132429,"Congo, Republic of",WESTERN AND CENTRAL AFRICA,Commitments,2026-Q3,180.0
3226,high,MULTIVARIATE_ANOMALY,isolation_forest,Record has an unusual financial profile across multiple signals.,relative_change=12.000; year_over_year_change=12.000; quarter=4.000,"Review component mix, period changes, and supporting source records.",0.6881850913864996,Sao Tome and Principe,AFRICA,Gross Disbursements,FY19,13.0
1157,high,MULTIVARIATE_ANOMALY,isolation_forest,Record has an unusual financial profile across multiple signals.,log1p_total=4.234; quarter=3.000; disbursement_commitment_ratio=1.191,"Review component mix, period changes, and supporting source records.",0.6837579589745421,IFC,OTHER,Commitments,2025-Q3,68.0
3163,high,MULTIVARIATE_ANOMALY,isolation_forest,Record has an unusual financial profile across multiple signals.,disbursement_commitment_ratio=44.519; log1p_total=7.093; quarter=4.000,"Review component mix, period changes, and supporting source records.",0.6834750095853027,Nigeria,AFRICA,Gross Disbursements,FY19,1202.0
1195,high,MULTIVARIATE_ANOMALY,isolation_forest,Record has an unusual financial profile across multiple signals.,log1p_total=5.919; disbursement_commitment_ratio=5.377; year_over_year_change=5.288,"Review component mix, period changes, and supporting source records.",0.6802359626175583,Eastern and Southern Africa,EASTERN AND SOUTHERN AFRICA,Gross Disbursements,2026-Q3,371.0
866,high,MULTIVARIATE_ANOMALY,isolation_forest,Record has an unusual financial profile across multiple signals.,relative_change=17.000; year_over_year_change=17.000; quarter=4.000,"Review component mix, period changes, and supporting source records.",0.6793981015040514,Solomon Islands,EAST ASIA AND PACIFIC,Commitments,FY17,36.0
1814,high,MULTIVARIATE_ANOMALY,isolation_forest,Record has an unusual financial profile across multiple signals.,log1p_total=4.927; quarter=4.000; relative_change=1.585,"Review component mix, period changes, and supporting source records.",0.6791137143331456,IFC,OTHER,Gross Disbursements,FY24,137.0
784,high,MULTIVARIATE_ANOMALY,isolation_forest,Record has an unusual financial profile across multiple signals.,relative_change=7.294; year_over_year_change=7.294; log1p_total=4.956,"Review component mix, period changes, and supporting source records.",0.6746668979281528,Mongolia,EAST ASIA AND PACIFIC,Gross Disbursements,FY18,141.0
3275,high,MULTIVARIATE_ANOMALY,isolation_forest,Record has an unusual financial profile across multiple signals.,log1p_total=8.047; quarter=4.000; relative_change=2.457,"Review component mix, period changes, and supporting source records.",0.6734141300132491,Ethiopia,AFRICA,Commitments,FY18,3122.0
347,high,MULTIVARIATE_ANOMALY,isolation_forest,Record has an unusual financial profile across multiple signals.,log1p_total=8.033; quarter=3.000; program_for_results_share=0.649,"Review component mix, period changes, and supporting source records.",0.6712688075268599,Nigeria,WESTERN AND CENTRAL AFRICA,Commitments,2025-Q3,3080.0
1158,high,MULTIVARIATE_ANOMALY,isolation_forest,Record has an unusual financial profile across multiple signals.,quarter=3.000; log1p_total=1.099; others_share=1.000,"Review component mix, period changes, and supporting source records.",0.6663661497391962,MIGA,OTHER,Commitments,2025-Q3,2.0
3238,high,MULTIVARIATE_ANOMALY,isolation_forest,Record has an unusual financial profile across multiple signals.,relative_change=5.500; year_over_year_change=5.500; quarter=4.000,"Review component mix, period changes, and supporting source records.",0.6656367985274401,Guyana,LATIN AMERICA AND CARIBBEAN,Gross Disbursements,FY19,39.0
192,high,MULTIVARIATE_ANOMALY,isolation_forest,Record has an unusual financial profile across multiple signals.,log1p_total=3.829; quarter=3.000; disbursement_commitment_ratio=2.644,"Review component mix, period changes, and supporting source records.",0.6652630169998477,"Gambia, The",WESTERN AND CENTRAL AFRICA,Commitments,2026-Q3,45.0
2412,high,MULTIVARIATE_ANOMALY,isolation_forest,Record has an unusual financial profile across multiple signals.,relative_change=16.333; year_over_year_change=16.333; quarter=4.000,"Review component mix, period changes, and supporting source records.",0.6644981796435155,Myanmar,EAST ASIA AND PACIFIC,Gross Disbursements,FY15,52.0
41,high,MULTIVARIATE_ANOMALY,isolation_forest,Record has an unusual financial profile across multiple signals.,log1p_total=6.648; quarter=3.000; disbursement_commitment_ratio=1.194,"Review component mix, period changes, and supporting source records.",0.6617253227270579,Tanzania,EASTERN AND SOUTHERN AFRICA,Commitments,2026-Q3,770.0
640,high,MULTIVARIATE_ANOMALY,isolation_forest,Record has an unusual financial profile across multiple signals.,disbursement_commitment_ratio=6.036; log1p_total=4.431; quarter=4.000,"Review component mix, period changes, and supporting source records.",0.6606934370376548,India,SOUTH ASIA,Commitments,FY22,83.0
2226,high,MULTIVARIATE_ANOMALY,isolation_forest,Record has an unusual financial profile across multiple signals.,relative_change=14.821; year_over_year_change=14.821; log1p_total=6.096,"Review component mix, period changes, and supporting source records.",0.6545691138836554,Eastern Africa,AFRICA EAST,Commitments,FY20,443.0
1697,high,MULTIVARIATE_ANOMALY,isolation_forest,Record has an unusual financial profile across multiple signals.,quarter=4.000; log1p_total=1.386; program_for_results_share=1.000,"Review component mix, period changes, and supporting source records.",0.6531640877905942,Bhutan,SOUTH ASIA,Gross Disbursements,FY25,3.0
634,high,MULTIVARIATE_ANOMALY,isolation_forest,Record has an unusual financial profile across multiple signals.,log1p_total=6.188; quarter=4.000; others_share=1.000,"Review component mix, period changes, and supporting source records.",0.6514444676548978,IFC,OTHER,Commitments,FY22,486.0
1279,high,MULTIVARIATE_ANOMALY,isolation_forest,Record has an unusual financial profile across multiple signals.,disbursement_commitment_ratio=94.737; quarter=3.000; log1p_total=2.944,"Review component mix, period changes, and supporting source records.",0.6510356263503688,Guinea-Bissau,WESTERN AND CENTRAL AFRICA,Gross Disbursements,2026-Q3,18.0
1396,high,MULTIVARIATE_ANOMALY,isolation_forest,Record has an unusual financial profile across multiple signals.,disbursement_commitment_ratio=14.000; quarter=3.000; log1p_total=2.708,"Review component mix, period changes, and supporting source records.",0.650647237093735,"Congo, Republic of",WESTERN AND CENTRAL AFRICA,Gross Disbursements,2025-Q3,14.0
1379,high,MULTIVARIATE_ANOMALY,isolation_forest,Record has an unusual financial profile across multiple signals.,log1p_total=4.407; quarter=3.000; disbursement_commitment_ratio=1.191,"Review component mix, period changes, and supporting source records.",0.6506352128114028,IFC,OTHER,Gross Disbursements,2025-Q3,81.0
2101,high,MULTIVARIATE_ANOMALY,isolation_forest,Record has an unusual financial profile across multiple signals.,quarter=4.000; log1p_total=2.398; program_for_results_share=1.000,"Review component mix, period changes, and supporting source records.",0.6494661745039476,Jordan,MIDDLE EAST AND NORTH AFRICA,Gross Disbursements,FY20,10.0
1573,medium,YEAR_OVER_YEAR_SHIFT,statistical_process_control,Total changed materially from the comparable prior-year period.,total=133.00; prior_year=20.00; change=565.0%,Confirm whether the shift reflects approved financing activity or a data issue.,0.70625,Kiribati,EAST ASIA AND PACIFIC,Commitments,FY25,133.0
1195,medium,YEAR_OVER_YEAR_SHIFT,statistical_process_control,Total changed materially from the comparable prior-year period.,total=371.00; prior_year=59.00; change=528.8%,Confirm whether the shift reflects approved financing activity or a data issue.,0.6610169491525424,Eastern and Southern Africa,EASTERN AND SOUTHERN AFRICA,Gross Disbursements,2026-Q3,371.0
812,medium,YEAR_OVER_YEAR_SHIFT,statistical_process_control,Total changed materially from the comparable prior-year period.,total=710.00; prior_year=115.00; change=517.4%,Confirm whether the shift reflects approved financing activity or a data issue.,0.6467391304347826,Cote d'Ivoire,AFRICA,Commitments,FY17,710.0
1564,medium,YEAR_OVER_YEAR_SHIFT,statistical_process_control,Total changed materially from the comparable prior-year period.,total=580.00; prior_year=100.00; change=480.0%,Confirm whether the shift reflects approved financing activity or a data issue.,0.6,Mali,WESTERN AND CENTRAL AFRICA,Commitments,FY25,580.0
2384,medium,YEAR_OVER_YEAR_SHIFT,statistical_process_control,Total changed materially from the comparable prior-year period.,total=148.00; prior_year=26.00; change=469.2%,Confirm whether the shift reflects approved financing activity or a data issue.,0.5865384615384616,Guinea,AFRICA,Gross Disbursements,FY15,148.0
1947,medium,YEAR_OVER_YEAR_SHIFT,statistical_process_control,Total changed materially from the comparable prior-year period.,total=223.00; prior_year=40.00; change=457.5%,Confirm whether the shift reflects approved financing activity or a data issue.,0.571875,South Sudan,EASTERN AND SOUTHERN AFRICA,Commitments,FY21,223.0
1519,medium,YEAR_OVER_YEAR_SHIFT,statistical_process_control,Total changed materially from the comparable prior-year period.,total=195.00; prior_year=35.00; change=457.1%,Confirm whether the shift reflects approved financing activity or a data issue.,0.5714285714285714,Guyana,LATIN AMERICA AND CARIBBEAN,Commitments,FY25,195.0
3084,medium,YEAR_OVER_YEAR_SHIFT,statistical_process_control,Total changed materially from the comparable prior-year period.,total=135.00; prior_year=25.00; change=440.0%,Confirm whether the shift reflects approved financing activity or a data issue.,0.55,Moldova,EUROPE AND CENTRAL ASIA,Commitments,FY19,135.0
3093,medium,YEAR_OVER_YEAR_SHIFT,statistical_process_control,Total changed materially from the comparable prior-year period.,total=148.00; prior_year=28.00; change=428.6%,Confirm whether the shift reflects approved financing activity or a data issue.,0.5357142857142857,Lesotho,AFRICA,Commitments,FY19,148.0
3215,medium,YEAR_OVER_YEAR_SHIFT,statistical_process_control,Total changed materially from the comparable prior-year period.,total=184.00; prior_year=35.00; change=425.7%,Confirm whether the shift reflects approved financing activity or a data issue.,0.5321428571428571,Papua New Guinea,EAST ASIA AND PACIFIC,Gross Disbursements,FY19,184.0
1870,medium,YEAR_OVER_YEAR_SHIFT,statistical_process_control,Total changed materially from the comparable prior-year period.,total=299.00; prior_year=57.00; change=424.6%,Confirm whether the shift reflects approved financing activity or a data issue.,0.5307017543859649,"Yemen, Republic of",MIDDLE EAST AND NORTH AFRICA,Gross Disbursements,FY21,299.0
27,medium,YEAR_OVER_YEAR_SHIFT,statistical_process_control,Total changed materially from the comparable prior-year period.,"total=1,285.00; prior_year=250.00; change=414.0%",Confirm whether the shift reflects approved financing activity or a data issue.,0.5175,Kenya,EASTERN AND SOUTHERN AFRICA,Commitments,2026-Q3,1285.0
2016,medium,YEAR_OVER_YEAR_SHIFT,statistical_process_control,Total changed materially from the comparable prior-year period.,total=241.00; prior_year=47.00; change=412.8%,Confirm whether the shift reflects approved financing activity or a data issue.,0.5159574468085106,Central African Republic,WESTERN AND CENTRAL AFRICA,Commitments,FY21,241.0
2165,medium,YEAR_OVER_YEAR_SHIFT,statistical_process_control,Total changed materially from the comparable prior-year period.,total=765.00; prior_year=150.00; change=410.0%,Confirm whether the shift reflects approved financing activity or a data issue.,0.5125,Uganda,AFRICA EAST,Commitments,FY20,765.0
3280,medium,YEAR_OVER_YEAR_SHIFT,statistical_process_control,Total changed materially from the comparable prior-year period.,total=525.00; prior_year=104.00; change=404.8%,Confirm whether the shift reflects approved financing activity or a data issue.,0.5060096153846154,Mozambique,AFRICA,Commitments,FY18,525.0
656,medium,YEAR_OVER_YEAR_SHIFT,statistical_process_control,Total changed materially from the comparable prior-year period.,total=190.00; prior_year=38.00; change=400.0%,Confirm whether the shift reflects approved financing activity or a data issue.,0.5,"Gambia, The",WESTERN AND CENTRAL AFRICA,Commitments,FY22,190.0
3053,medium,YEAR_OVER_YEAR_SHIFT,statistical_process_control,Total changed materially from the comparable prior-year period.,total=399.00; prior_year=80.00; change=398.8%,Confirm whether the shift reflects approved financing activity or a data issue.,0.4984375,Vietnam,EAST ASIA AND PACIFIC,Commitments,FY19,399.0
1646,medium,YEAR_OVER_YEAR_SHIFT,statistical_process_control,Total changed materially from the comparable prior-year period.,total=259.00; prior_year=52.00; change=398.1%,Confirm whether the shift reflects approved financing activity or a data issue.,0.49759615384615385,South Sudan,EASTERN AND SOUTHERN AFRICA,Gross Disbursements,FY25,259.0
852,medium,YEAR_OVER_YEAR_SHIFT,statistical_process_control,Total changed materially from the comparable prior-year period.,total=353.00; prior_year=77.00; change=358.4%,Confirm whether the shift reflects approved financing activity or a data issue.,0.44805194805194803,Zambia,AFRICA,Commitments,FY17,353.0
414,medium,YEAR_OVER_YEAR_SHIFT,statistical_process_control,Total changed materially from the comparable prior-year period.,total=647.00; prior_year=143.00; change=352.4%,Confirm whether the shift reflects approved financing activity or a data issue.,0.4405594405594406,Mali,WESTERN AND CENTRAL AFRICA,Commitments,FY23,647.0
624,medium,YEAR_OVER_YEAR_SHIFT,statistical_process_control,Total changed materially from the comparable prior-year period.,total=202.00; prior_year=45.00; change=348.9%,Confirm whether the shift reflects approved financing activity or a data issue.,0.4361111111111111,Djibouti,MIDDLE EAST AND NORTH AFRICA,Commitments,FY22,202.0
2388,medium,YEAR_OVER_YEAR_SHIFT,statistical_process_control,Total changed materially from the comparable prior-year period.,total=184.00; prior_year=42.00; change=338.1%,Confirm whether the shift reflects approved financing activity or a data issue.,0.4226190476190476,Liberia,AFRICA,Gross Disbursements,FY15,184.0
652,medium,YEAR_OVER_YEAR_SHIFT,statistical_process_control,Total changed materially from the comparable prior-year period.,total=813.00; prior_year=190.00; change=327.9%,Confirm whether the shift reflects approved financing activity or a data issue.,0.4098684210526316,Chad,WESTERN AND CENTRAL AFRICA,Commitments,FY22,813.0
814,medium,YEAR_OVER_YEAR_SHIFT,statistical_process_control,Total changed materially from the comparable prior-year period.,total=323.00; prior_year=76.00; change=325.0%,Confirm whether the shift reflects approved financing activity or a data issue.,0.40625,Uzbekistan,EUROPE AND CENTRAL ASIA,Commitments,FY17,323.0
845,medium,YEAR_OVER_YEAR_SHIFT,statistical_process_control,Total changed materially from the comparable prior-year period.,total=212.00; prior_year=50.00; change=324.0%,Confirm whether the shift reflects approved financing activity or a data issue.,0.405,Chad,AFRICA,Commitments,FY17,212.0
2173,medium,YEAR_OVER_YEAR_SHIFT,statistical_process_control,Total changed materially from the comparable prior-year period.,total=630.00; prior_year=150.00; change=320.0%,Confirm whether the shift reflects approved financing activity or a data issue.,0.4,Cameroon,AFRICA WEST,Commitments,FY20,630.0
596,medium,YEAR_OVER_YEAR_SHIFT,statistical_process_control,Total changed materially from the comparable prior-year period.,total=189.00; prior_year=45.00; change=320.0%,Confirm whether the shift reflects approved financing activity or a data issue.,0.4,Moldova,EUROPE AND CENTRAL ASIA,Commitments,FY22,189.0
821,medium,YEAR_OVER_YEAR_SHIFT,statistical_process_control,Total changed materially from the comparable prior-year period.,total=630.00; prior_year=150.00; change=320.0%,Confirm whether the shift reflects approved financing activity or a data issue.,0.4,Senegal,AFRICA,Commitments,FY17,630.0
1721,medium,YEAR_OVER_YEAR_SHIFT,statistical_process_control,Total changed materially from the comparable prior-year period.,total=621.00; prior_year=149.00; change=316.8%,Confirm whether the shift reflects approved financing activity or a data issue.,0.3959731543624161,Niger,WESTERN AND CENTRAL AFRICA,Gross Disbursements,FY25,621.0
3100,medium,YEAR_OVER_YEAR_SHIFT,statistical_process_control,Total changed materially from the comparable prior-year period.,total=333.00; prior_year=80.00; change=316.2%,Confirm whether the shift reflects approved financing activity or a data issue.,0.3953125,Central African Republic,AFRICA,Commitments,FY19,333.0
2180,medium,YEAR_OVER_YEAR_SHIFT,statistical_process_control,Total changed materially from the comparable prior-year period.,total=598.00; prior_year=147.00; change=306.8%,Confirm whether the shift reflects approved financing activity or a data issue.,0.3835034013605442,IFC,OTHER,Commitments,FY20,598.0
3033,medium,YEAR_OVER_YEAR_SHIFT,statistical_process_control,Total changed materially from the comparable prior-year period.,total=812.00; prior_year=200.00; change=306.0%,Confirm whether the shift reflects approved financing activity or a data issue.,0.3825,"Congo, Democratic Republic of",AFRICA,Commitments,FY19,812.0
1589,medium,YEAR_OVER_YEAR_SHIFT,statistical_process_control,Total changed materially from the comparable prior-year period.,total=448.00; prior_year=111.00; change=303.6%,Confirm whether the shift reflects approved financing activity or a data issue.,0.3795045045045045,Tajikistan,EUROPE AND CENTRAL ASIA,Commitments,FY25,448.0
2188,medium,YEAR_OVER_YEAR_SHIFT,statistical_process_control,Total changed materially from the comparable prior-year period.,total=278.00; prior_year=70.00; change=297.1%,Confirm whether the shift reflects approved financing activity or a data issue.,0.37142857142857144,Togo,AFRICA WEST,Commitments,FY20,278.0
2322,medium,YEAR_OVER_YEAR_SHIFT,statistical_process_control,Total changed materially from the comparable prior-year period.,total=205.00; prior_year=52.00; change=294.2%,Confirm whether the shift reflects approved financing activity or a data issue.,0.36778846153846156,Zambia,AFRICA,Commitments,FY15,205.0
1598,medium,YEAR_OVER_YEAR_SHIFT,statistical_process_control,Total changed materially from the comparable prior-year period.,total=325.00; prior_year=84.00; change=286.9%,Confirm whether the shift reflects approved financing activity or a data issue.,0.3586309523809524,Afghanistan,SOUTH ASIA,Commitments,FY25,325.0
422,medium,YEAR_OVER_YEAR_SHIFT,statistical_process_control,Total changed materially from the comparable prior-year period.,total=266.00; prior_year=69.00; change=285.5%,Confirm whether the shift reflects approved financing activity or a data issue.,0.35688405797101447,Cambodia,EAST ASIA AND PACIFIC,Gross Disbursements,FY22,266.0
2193,medium,YEAR_OVER_YEAR_SHIFT,statistical_process_control,Total changed materially from the comparable prior-year period.,total=382.00; prior_year=100.00; change=282.0%,Confirm whether the shift reflects approved financing activity or a data issue.,0.3525,Zambia,AFRICA EAST,Commitments,FY20,382.0
586,medium,YEAR_OVER_YEAR_SHIFT,statistical_process_control,Total changed materially from the comparable prior-year period.,total=520.00; prior_year=139.00; change=274.1%,Confirm whether the shift reflects approved financing activity or a data issue.,0.3426258992805755,Zambia,EASTERN AND SOUTHERN AFRICA,Commitments,FY22,520.0
1179,medium,YEAR_OVER_YEAR_SHIFT,statistical_process_control,Total changed materially from the comparable prior-year period.,total=146.76; prior_year=39.51; change=271.5%,Confirm whether the shift reflects approved financing activity or a data issue.,0.3393128321943812,Papua New Guinea,EAST ASIA AND PACIFIC,Gross Disbursements,2026-Q3,146.76
1592,medium,YEAR_OVER_YEAR_SHIFT,statistical_process_control,Total changed materially from the comparable prior-year period.,total=148.00; prior_year=40.00; change=270.0%,Confirm whether the shift reflects approved financing activity or a data issue.,0.3375,Djibouti,MIDDLE EAST AND NORTH AFRICA,Commitments,FY25,148.0
2633,medium,YEAR_OVER_YEAR_SHIFT,statistical_process_control,Total changed materially from the comparable prior-year period.,total=432.00; prior_year=120.00; change=260.0%,Confirm whether the shift reflects approved financing activity or a data issue.,0.325,Burundi,EASTERN AND SOUTHERN AFRICA,Commitments,FY24,432.0
40,medium,NEGATIVE_AMOUNT,rule,development_policy is negative and may represent a correction or reversal.,development_policy=-1.00,Confirm the adjustment against source documentation before reporting.,,Sudan,EASTERN AND SOUTHERN AFRICA,Commitments,2026-Q3,0.0
146,medium,NEGATIVE_AMOUNT,rule,development_policy is negative and may represent a correction or reversal.,development_policy=-1.00,Confirm the adjustment against source documentation before reporting.,,Gabon,WESTERN AND CENTRAL AFRICA,Commitments,2026-Q3,-0.84
170,medium,NEGATIVE_AMOUNT,rule,development_policy is negative and may represent a correction or reversal.,development_policy=-1.00,Confirm the adjustment against source documentation before reporting.,,Tuvalu,EAST ASIA AND PACIFIC,Commitments,2026-Q3,25.0
296,medium,NEGATIVE_AMOUNT,rule,development_policy is negative and may represent a correction or reversal.,development_policy=-1.00,Confirm the adjustment against source documentation before reporting.,,El Salvador,LATIN AMERICA AND CARIBBEAN,Commitments,2025-Q3,-1.0
336,medium,NEGATIVE_AMOUNT,rule,development_policy is negative and may represent a correction or reversal.,development_policy=-1.30,Confirm the adjustment against source documentation before reporting.,,Chad,WESTERN AND CENTRAL AFRICA,Commitments,2025-Q3,347.7
337,medium,NEGATIVE_AMOUNT,rule,development_policy is negative and may represent a correction or reversal.,development_policy=-1.00,Confirm the adjustment against source documentation before reporting.,,"Congo, Republic of",WESTERN AND CENTRAL AFRICA,Commitments,2025-Q3,-1.0
10,medium,NEGATIVE_AMOUNT,rule,investment_lending is negative and may represent a correction or reversal.,investment_lending=-1.00,Confirm the adjustment against source documentation before reporting.,,Papua New Guinea,EAST ASIA AND PACIFIC,Commitments,2026-Q3,149.0
66,medium,NEGATIVE_AMOUNT,rule,investment_lending is negative and may represent a correction or reversal.,investment_lending=-1.00,Confirm the adjustment against source documentation before reporting.,,Kazakhstan,EUROPE AND CENTRAL ASIA,Commitments,2026-Q3,-1.0
103,medium,NEGATIVE_AMOUNT,rule,investment_lending is negative and may represent a correction or reversal.,investment_lending=-1.00,Confirm the adjustment against source documentation before reporting.,,El Salvador,LATIN AMERICA AND CARIBBEAN,Commitments,2026-Q3,-1.0
131,medium,NEGATIVE_AMOUNT,rule,investment_lending is negative and may represent a correction or reversal.,investment_lending=-1.00,Confirm the adjustment against source documentation before reporting.,,Oman,"MIDDLE EAST, NORTH AFRICA, AFGHANISTAN, AND PAKISTAN",Commitments,2026-Q3,-1.0
227,medium,NEGATIVE_AMOUNT,rule,investment_lending is negative and may represent a correction or reversal.,investment_lending=-1.00,Confirm the adjustment against source documentation before reporting.,,Rwanda,EASTERN AND SOUTHERN AFRICA,Commitments,2025-Q3,454.0
238,medium,NEGATIVE_AMOUNT,rule,investment_lending is negative and may represent a correction or reversal.,investment_lending=-0.49,Confirm the adjustment against source documentation before reporting.,,Albania,EUROPE AND CENTRAL ASIA,Commitments,2025-Q3,-0.49
245,medium,NEGATIVE_AMOUNT,rule,investment_lending is negative and may represent a correction or reversal.,investment_lending=-0.49,Confirm the adjustment against source documentation before reporting.,,Bulgaria,EUROPE AND CENTRAL ASIA,Commitments,2025-Q3,-0.49
1000,medium,NEGATIVE_AMOUNT,rule,investment_lending is negative and may represent a correction or reversal.,investment_lending=-1.00,Confirm the adjustment against source documentation before reporting.,,Iraq,MIDDLE EAST AND NORTH AFRICA,Gross Disbursements,FY17,-1.0
1233,medium,NEGATIVE_AMOUNT,rule,investment_lending is negative and may represent a correction or reversal.,investment_lending=-0.25,Confirm the adjustment against source documentation before reporting.,,Dominican Republic,LATIN AMERICA AND CARIBBEAN,Gross Disbursements,2026-Q3,-0.25
1240,medium,NEGATIVE_AMOUNT,rule,investment_lending is negative and may represent a correction or reversal.,investment_lending=-11.00,Confirm the adjustment against source documentation before reporting.,,Nicaragua,LATIN AMERICA AND CARIBBEAN,Gross Disbursements,2026-Q3,-11.0
1270,medium,NEGATIVE_AMOUNT,rule,investment_lending is negative and may represent a correction or reversal.,investment_lending=-2.00,Confirm the adjustment against source documentation before reporting.,,Central Africa,WESTERN AND CENTRAL AFRICA,Gross Disbursements,2026-Q3,-2.0
1300,medium,NEGATIVE_AMOUNT,rule,investment_lending is negative and may represent a correction or reversal.,investment_lending=-5.00,Confirm the adjustment against source documentation before reporting.,,Myanmar,EAST ASIA AND PACIFIC,Gross Disbursements,2025-Q3,-5.0
1338,medium,NEGATIVE_AMOUNT,rule,investment_lending is negative and may represent a correction or reversal.,investment_lending=-0.51,Confirm the adjustment against source documentation before reporting.,,Armenia,EUROPE AND CENTRAL ASIA,Gross Disbursements,2025-Q3,-0.51
1615,medium,NEGATIVE_AMOUNT,rule,investment_lending is negative and may represent a correction or reversal.,investment_lending=-5.00,Confirm the adjustment against source documentation before reporting.,,Myanmar,EAST ASIA AND PACIFIC,Gross Disbursements,FY25,-5.0
1653,medium,NEGATIVE_AMOUNT,rule,investment_lending is negative and may represent a correction or reversal.,investment_lending=-1.00,Confirm the adjustment against source documentation before reporting.,,Armenia,EUROPE AND CENTRAL ASIA,Gross Disbursements,FY25,-1.0
1736,medium,NEGATIVE_AMOUNT,rule,investment_lending is negative and may represent a correction or reversal.,investment_lending=-10.00,Confirm the adjustment against source documentation before reporting.,,Myanmar,EAST ASIA AND PACIFIC,Gross Disbursements,FY24,-10.0
1767,medium,NEGATIVE_AMOUNT,rule,investment_lending is negative and may represent a correction or reversal.,investment_lending=-3.00,Confirm the adjustment against source documentation before reporting.,,Sudan,EASTERN AND SOUTHERN AFRICA,Gross Disbursements,FY24,-3.0
2406,medium,NEGATIVE_AMOUNT,rule,investment_lending is negative and may represent a correction or reversal.,investment_lending=-1.00,Confirm the adjustment against source documentation before reporting.,,Indonesia,EAST ASIA AND PACIFIC,Gross Disbursements,FY15,-1.0
2574,medium,NEGATIVE_AMOUNT,rule,investment_lending is negative and may represent a correction or reversal.,investment_lending=-3.00,Confirm the adjustment against source documentation before reporting.,,Indonesia,EAST ASIA AND PACIFIC,Gross Disbursements,FY14,-3.0
2814,medium,NEGATIVE_AMOUNT,rule,investment_lending is negative and may represent a correction or reversal.,investment_lending=-19.00,Confirm the adjustment against source documentation before reporting.,,Myanmar,EAST ASIA AND PACIFIC,Gross Disbursements,FY23,-19.0
2893,medium,NEGATIVE_AMOUNT,rule,investment_lending is negative and may represent a correction or reversal.,investment_lending=-3.00,Confirm the adjustment against source documentation before reporting.,,Afghanistan,SOUTH ASIA,Gross Disbursements,FY23,-3.0
26,medium,NEGATIVE_AMOUNT,rule,others is negative and may represent a correction or reversal.,others=-0.20,Confirm the adjustment against source documentation before reporting.,,Ethiopia,EASTERN AND SOUTHERN AFRICA,Commitments,2026-Q3,2149.0
1284,medium,NEGATIVE_AMOUNT,rule,others is negative and may represent a correction or reversal.,others=-0.30,Confirm the adjustment against source documentation before reporting.,,Nigeria,WESTERN AND CENTRAL AFRICA,Gross Disbursements,2026-Q3,983.19
66,medium,NEGATIVE_AMOUNT,rule,total is negative and may represent a correction or reversal.,total=-1.00,Confirm the adjustment against source documentation before reporting.,,Kazakhstan,EUROPE AND CENTRAL ASIA,Commitments,2026-Q3,-1.0
103,medium,NEGATIVE_AMOUNT,rule,total is negative and may represent a correction or reversal.,total=-1.00,Confirm the adjustment against source documentation before reporting.,,El Salvador,LATIN AMERICA AND CARIBBEAN,Commitments,2026-Q3,-1.0
131,medium,NEGATIVE_AMOUNT,rule,total is negative and may represent a correction or reversal.,total=-1.00,Confirm the adjustment against source documentation before reporting.,,Oman,"MIDDLE EAST, NORTH AFRICA, AFGHANISTAN, AND PAKISTAN",Commitments,2026-Q3,-1.0
146,medium,NEGATIVE_AMOUNT,rule,total is negative and may represent a correction or reversal.,total=-0.84,Confirm the adjustment against source documentation before reporting.,,Gabon,WESTERN AND CENTRAL AFRICA,Commitments,2026-Q3,-0.84
238,medium,NEGATIVE_AMOUNT,rule,total is negative and may represent a correction or reversal.,total=-0.49,Confirm the adjustment against source documentation before reporting.,,Albania,EUROPE AND CENTRAL ASIA,Commitments,2025-Q3,-0.49
245,medium,NEGATIVE_AMOUNT,rule,total is negative and may represent a correction or reversal.,total=-0.49,Confirm the adjustment against source documentation before reporting.,,Bulgaria,EUROPE AND CENTRAL ASIA,Commitments,2025-Q3,-0.49
296,medium,NEGATIVE_AMOUNT,rule,total is negative and may represent a correction or reversal.,total=-1.00,Confirm the adjustment against source documentation before reporting.,,El Salvador,LATIN AMERICA AND CARIBBEAN,Commitments,2025-Q3,-1.0
337,medium,NEGATIVE_AMOUNT,rule,total is negative and may represent a correction or reversal.,total=-1.00,Confirm the adjustment against source documentation before reporting.,,"Congo, Republic of",WESTERN AND CENTRAL AFRICA,Commitments,2025-Q3,-1.0
1000,medium,NEGATIVE_AMOUNT,rule,total is negative and may represent a correction or reversal.,total=-1.00,Confirm the adjustment against source documentation before reporting.,,Iraq,MIDDLE EAST AND NORTH AFRICA,Gross Disbursements,FY17,-1.0
1233,medium,NEGATIVE_AMOUNT,rule,total is negative and may represent a correction or reversal.,total=-0.25,Confirm the adjustment against source documentation before reporting.,,Dominican Republic,LATIN AMERICA AND CARIBBEAN,Gross Disbursements,2026-Q3,-0.25
1240,medium,NEGATIVE_AMOUNT,rule,total is negative and may represent a correction or reversal.,total=-11.00,Confirm the adjustment against source documentation before reporting.,,Nicaragua,LATIN AMERICA AND CARIBBEAN,Gross Disbursements,2026-Q3,-11.0
1270,medium,NEGATIVE_AMOUNT,rule,total is negative and may represent a correction or reversal.,total=-2.00,Confirm the adjustment against source documentation before reporting.,,Central Africa,WESTERN AND CENTRAL AFRICA,Gross Disbursements,2026-Q3,-2.0
1300,medium,NEGATIVE_AMOUNT,rule,total is negative and may represent a correction or reversal.,total=-5.00,Confirm the adjustment against source documentation before reporting.,,Myanmar,EAST ASIA AND PACIFIC,Gross Disbursements,2025-Q3,-5.0
1338,medium,NEGATIVE_AMOUNT,rule,total is negative and may represent a correction or reversal.,total=-0.51,Confirm the adjustment against source documentation before reporting.,,Armenia,EUROPE AND CENTRAL ASIA,Gross Disbursements,2025-Q3,-0.51
1615,medium,NEGATIVE_AMOUNT,rule,total is negative and may represent a correction or reversal.,total=-5.00,Confirm the adjustment against source documentation before reporting.,,Myanmar,EAST ASIA AND PACIFIC,Gross Disbursements,FY25,-5.0
1653,medium,NEGATIVE_AMOUNT,rule,total is negative and may represent a correction or reversal.,total=-1.00,Confirm the adjustment against source documentation before reporting.,,Armenia,EUROPE AND CENTRAL ASIA,Gross Disbursements,FY25,-1.0
1736,medium,NEGATIVE_AMOUNT,rule,total is negative and may represent a correction or reversal.,total=-10.00,Confirm the adjustment against source documentation before reporting.,,Myanmar,EAST ASIA AND PACIFIC,Gross Disbursements,FY24,-10.0
1767,medium,NEGATIVE_AMOUNT,rule,total is negative and may represent a correction or reversal.,total=-3.00,Confirm the adjustment against source documentation before reporting.,,Sudan,EASTERN AND SOUTHERN AFRICA,Gross Disbursements,FY24,-3.0
2406,medium,NEGATIVE_AMOUNT,rule,total is negative and may represent a correction or reversal.,total=-1.00,Confirm the adjustment against source documentation before reporting.,,Indonesia,EAST ASIA AND PACIFIC,Gross Disbursements,FY15,-1.0
2574,medium,NEGATIVE_AMOUNT,rule,total is negative and may represent a correction or reversal.,total=-3.00,Confirm the adjustment against source documentation before reporting.,,Indonesia,EAST ASIA AND PACIFIC,Gross Disbursements,FY14,-3.0
2814,medium,NEGATIVE_AMOUNT,rule,total is negative and may represent a correction or reversal.,total=-19.00,Confirm the adjustment against source documentation before reporting.,,Myanmar,EAST ASIA AND PACIFIC,Gross Disbursements,FY23,-19.0
2893,medium,NEGATIVE_AMOUNT,rule,total is negative and may represent a correction or reversal.,total=-3.00,Confirm the adjustment against source documentation before reporting.,,Afghanistan,SOUTH ASIA,Gross Disbursements,FY23,-3.0
