row_id,record_key,severity,reason_code,detector,message,evidence,recommended_action,anomaly_score,model_segment,country,region,entity_type,category,period_type,time_period,total,previous_total,previous_year_total,absolute_change,relative_change,year_over_year_change,commitment_total,disbursement_total,ratio_denominator_eligible,disbursement_commitment_ratio,materiality_percentile,materiality_band,current_amount_usd_m,comparison_amount_usd_m,change_amount_usd_m,change_percent
40,ida_81adece225782965628b,medium,NEGATIVE_AMOUNT,rule,development_policy is negative and may represent a correction or reversal.,development_policy=-1.00,Confirm the adjustment against source documentation before reporting.,,,Sudan,EASTERN AND SOUTHERN AFRICA,country,Commitments,quarterly,2026-Q3,0.0,182.0,182.0,-182.0,-1.0,-1.0,0.0,73.0,False,,0.326271186440678,limited,0.0,182.0,-182.0,-1.0
146,ida_d2d18888012b1089e73b,medium,NEGATIVE_AMOUNT,rule,development_policy is negative and may represent a correction or reversal.,development_policy=-1.00,Confirm the adjustment against source documentation before reporting.,,,Gabon,WESTERN AND CENTRAL AFRICA,country,Commitments,quarterly,2026-Q3,-0.84,0.0,0.0,-0.84,,,-0.84,,False,,0.01694915254237288,limited,-0.84,0.0,-0.84,
170,ida_4b6e319c0e633bdf544d,medium,NEGATIVE_AMOUNT,rule,development_policy is negative and may represent a correction or reversal.,development_policy=-1.00,Confirm the adjustment against source documentation before reporting.,,,Tuvalu,EAST ASIA AND PACIFIC,country,Commitments,quarterly,2026-Q3,25.0,16.0,16.0,9.0,0.5625,0.5625,25.0,28.0,True,1.12,0.6765536723163842,moderate,25.0,16.0,9.0,0.5625
296,ida_04eb728f3272b7a510fb,medium,NEGATIVE_AMOUNT,rule,development_policy is negative and may represent a correction or reversal.,development_policy=-1.00,Confirm the adjustment against source documentation before reporting.,,,El Salvador,LATIN AMERICA AND CARIBBEAN,country,Commitments,quarterly,2025-Q3,-1.0,,,,,,-1.0,0.0,False,,0.00847457627118644,limited,-1.0,,,
336,ida_65b08839163906dd705d,medium,NEGATIVE_AMOUNT,rule,development_policy is negative and may represent a correction or reversal.,development_policy=-1.30,Confirm the adjustment against source documentation before reporting.,,,Chad,WESTERN AND CENTRAL AFRICA,country,Commitments,quarterly,2025-Q3,347.7,,,,,,347.7,209.0,True,0.6010928961748634,0.9265536723163842,significant,347.7,,,
337,ida_14545033926e35c9f537,medium,NEGATIVE_AMOUNT,rule,development_policy is negative and may represent a correction or reversal.,development_policy=-1.00,Confirm the adjustment against source documentation before reporting.,,,"Congo, Republic of",WESTERN AND CENTRAL AFRICA,country,Commitments,quarterly,2025-Q3,-1.0,,,,,,-1.0,14.0,False,,0.00847457627118644,limited,-1.0,,,
10,ida_43e621fdc92241cb7fee,medium,NEGATIVE_AMOUNT,rule,investment_lending is negative and may represent a correction or reversal.,investment_lending=-1.00,Confirm the adjustment against source documentation before reporting.,,,Papua New Guinea,EAST ASIA AND PACIFIC,country,Commitments,quarterly,2026-Q3,149.0,200.0,200.0,-51.0,-0.255,-0.255,149.0,146.76,True,0.98496644295302,0.8361581920903954,significant,149.0,200.0,-51.0,-0.255
66,ida_d0d4dcf0718ca2842ad4,medium,NEGATIVE_AMOUNT,rule,investment_lending is negative and may represent a correction or reversal.,investment_lending=-1.00,Confirm the adjustment against source documentation before reporting.,,,Kazakhstan,EUROPE AND CENTRAL ASIA,country,Commitments,quarterly,2026-Q3,-1.0,0.0,0.0,-1.0,,,-1.0,,False,,0.00847457627118644,limited,-1.0,0.0,-1.0,
103,ida_07dd12ee01c0f7c1a3a7,medium,NEGATIVE_AMOUNT,rule,investment_lending is negative and may represent a correction or reversal.,investment_lending=-1.00,Confirm the adjustment against source documentation before reporting.,,,El Salvador,LATIN AMERICA AND CARIBBEAN,country,Commitments,quarterly,2026-Q3,-1.0,-1.0,-1.0,0.0,0.0,0.0,-1.0,0.0,False,,0.00847457627118644,limited,-1.0,-1.0,0.0,0.0
131,ida_53145c6125c633fb3d04,medium,NEGATIVE_AMOUNT,rule,investment_lending is negative and may represent a correction or reversal.,investment_lending=-1.00,Confirm the adjustment against source documentation before reporting.,,,Oman,"MIDDLE EAST, NORTH AFRICA, AFGHANISTAN, AND PAKISTAN",country,Commitments,quarterly,2026-Q3,-1.0,0.0,0.0,-1.0,,,-1.0,,False,,0.00847457627118644,limited,-1.0,0.0,-1.0,
227,ida_cfd795c7fcdab0fc55e9,medium,NEGATIVE_AMOUNT,rule,investment_lending is negative and may represent a correction or reversal.,investment_lending=-1.00,Confirm the adjustment against source documentation before reporting.,,,Rwanda,EASTERN AND SOUTHERN AFRICA,country,Commitments,quarterly,2025-Q3,454.0,,,,,,454.0,547.51,True,1.2059691629955946,0.940677966101695,significant,454.0,,,
238,ida_d7b147add808e7799770,medium,NEGATIVE_AMOUNT,rule,investment_lending is negative and may represent a correction or reversal.,investment_lending=-0.49,Confirm the adjustment against source documentation before reporting.,,,Albania,EUROPE AND CENTRAL ASIA,country,Commitments,quarterly,2025-Q3,-0.49,,,,,,-0.49,0.0,False,,0.0211864406779661,limited,-0.49,,,
245,ida_ec2fe8f3409d15528859,medium,NEGATIVE_AMOUNT,rule,investment_lending is negative and may represent a correction or reversal.,investment_lending=-0.49,Confirm the adjustment against source documentation before reporting.,,,Bulgaria,EUROPE AND CENTRAL ASIA,country,Commitments,quarterly,2025-Q3,-0.49,,,,,,-0.49,,False,,0.0211864406779661,limited,-0.49,,,
1000,ida_6707c99f09248f7d7b94,medium,NEGATIVE_AMOUNT,rule,investment_lending is negative and may represent a correction or reversal.,investment_lending=-1.00,Confirm the adjustment against source documentation before reporting.,,,Iraq,MIDDLE EAST AND NORTH AFRICA,country,Gross Disbursements,annual,FY17,-1.0,19.0,19.0,-20.0,-1.0526315789473684,-1.0526315789473684,,-1.0,False,,0.006482982171799027,limited,-1.0,19.0,-20.0,-1.0526315789473684
1233,ida_d03d7893bc29cf568d78,medium,NEGATIVE_AMOUNT,rule,investment_lending is negative and may represent a correction or reversal.,investment_lending=-0.25,Confirm the adjustment against source documentation before reporting.,,,Dominican Republic,LATIN AMERICA AND CARIBBEAN,country,Gross Disbursements,quarterly,2026-Q3,-0.25,0.0,0.0,-0.25,,,0.0,-0.25,False,,0.017857142857142856,limited,-0.25,0.0,-0.25,
1240,ida_bd4ec66f7d2b905cb785,medium,NEGATIVE_AMOUNT,rule,investment_lending is negative and may represent a correction or reversal.,investment_lending=-11.00,Confirm the adjustment against source documentation before reporting.,,,Nicaragua,LATIN AMERICA AND CARIBBEAN,country,Gross Disbursements,quarterly,2026-Q3,-11.0,22.0,22.0,-33.0,-1.5,-1.5,0.0,-11.0,False,,0.004464285714285714,moderate,-11.0,22.0,-33.0,-1.5
1270,ida_8e449f6978a1926bea37,medium,NEGATIVE_AMOUNT,rule,investment_lending is negative and may represent a correction or reversal.,investment_lending=-2.00,Confirm the adjustment against source documentation before reporting.,,,Central Africa,WESTERN AND CENTRAL AFRICA,aggregate_or_institution,Gross Disbursements,quarterly,2026-Q3,-2.0,2.0,2.0,-4.0,-2.0,-2.0,0.0,-2.0,False,,0.045454545454545456,limited,-2.0,2.0,-4.0,-2.0
1300,ida_5ffd76429390bf2ec553,medium,NEGATIVE_AMOUNT,rule,investment_lending is negative and may represent a correction or reversal.,investment_lending=-5.00,Confirm the adjustment against source documentation before reporting.,,,Myanmar,EAST ASIA AND PACIFIC,country,Gross Disbursements,quarterly,2025-Q3,-5.0,,,,,,0.0,-5.0,False,,0.008928571428571428,limited,-5.0,,,
1338,ida_80ddf81f62437455c54a,medium,NEGATIVE_AMOUNT,rule,investment_lending is negative and may represent a correction or reversal.,investment_lending=-0.51,Confirm the adjustment against source documentation before reporting.,,,Armenia,EUROPE AND CENTRAL ASIA,country,Gross Disbursements,quarterly,2025-Q3,-0.51,,,,,,0.0,-0.51,False,,0.013392857142857142,limited,-0.51,,,
1615,ida_75a8fbe576e209f56d95,medium,NEGATIVE_AMOUNT,rule,investment_lending is negative and may represent a correction or reversal.,investment_lending=-5.00,Confirm the adjustment against source documentation before reporting.,,,Myanmar,EAST ASIA AND PACIFIC,country,Gross Disbursements,annual,FY25,-5.0,-10.0,-10.0,5.0,0.5,0.5,93.0,-5.0,True,-0.053763440860215055,0.0024311183144246355,limited,-5.0,-10.0,5.0,0.5
1653,ida_a15d8d9c17d6c5060b50,medium,NEGATIVE_AMOUNT,rule,investment_lending is negative and may represent a correction or reversal.,investment_lending=-1.00,Confirm the adjustment against source documentation before reporting.,,,Armenia,EUROPE AND CENTRAL ASIA,country,Gross Disbursements,annual,FY25,-1.0,2.0,2.0,-3.0,-1.5,-1.5,0.0,-1.0,False,,0.006482982171799027,limited,-1.0,2.0,-3.0,-1.5
1736,ida_361c91937fa794a2eda7,medium,NEGATIVE_AMOUNT,rule,investment_lending is negative and may represent a correction or reversal.,investment_lending=-10.00,Confirm the adjustment against source documentation before reporting.,,,Myanmar,EAST ASIA AND PACIFIC,country,Gross Disbursements,annual,FY24,-10.0,-19.0,-19.0,9.0,0.47368421052631576,0.47368421052631576,0.0,-10.0,False,,0.0016207455429497568,limited,-10.0,-19.0,9.0,0.47368421052631576
1767,ida_347f2e289e3c39abde4b,medium,NEGATIVE_AMOUNT,rule,investment_lending is negative and may represent a correction or reversal.,investment_lending=-3.00,Confirm the adjustment against source documentation before reporting.,,,Sudan,EASTERN AND SOUTHERN AFRICA,country,Gross Disbursements,annual,FY24,-3.0,0.0,0.0,-3.0,,,0.0,-3.0,False,,0.004051863857374392,limited,-3.0,0.0,-3.0,
2406,ida_04d34c870c18e60a4c9f,medium,NEGATIVE_AMOUNT,rule,investment_lending is negative and may represent a correction or reversal.,investment_lending=-1.00,Confirm the adjustment against source documentation before reporting.,,,Indonesia,EAST ASIA AND PACIFIC,country,Gross Disbursements,annual,FY15,-1.0,-3.0,-3.0,2.0,0.6666666666666666,0.6666666666666666,,-1.0,False,,0.006482982171799027,limited,-1.0,-3.0,2.0,0.6666666666666666
2574,ida_86bb39d8b0383d866148,medium,NEGATIVE_AMOUNT,rule,investment_lending is negative and may represent a correction or reversal.,investment_lending=-3.00,Confirm the adjustment against source documentation before reporting.,,,Indonesia,EAST ASIA AND PACIFIC,country,Gross Disbursements,annual,FY14,-3.0,,,,,,,-3.0,False,,0.004051863857374392,limited,-3.0,,,
2814,ida_8ef607329ac493c2870a,medium,NEGATIVE_AMOUNT,rule,investment_lending is negative and may represent a correction or reversal.,investment_lending=-19.00,Confirm the adjustment against source documentation before reporting.,,,Myanmar,EAST ASIA AND PACIFIC,country,Gross Disbursements,annual,FY23,-19.0,43.0,43.0,-62.0,-1.441860465116279,-1.441860465116279,0.0,-19.0,False,,0.0008103727714748784,moderate,-19.0,43.0,-62.0,-1.441860465116279
2893,ida_f90becd5a99df5ae7e5b,medium,NEGATIVE_AMOUNT,rule,investment_lending is negative and may represent a correction or reversal.,investment_lending=-3.00,Confirm the adjustment against source documentation before reporting.,,,Afghanistan,SOUTH ASIA,country,Gross Disbursements,annual,FY23,-3.0,162.0,162.0,-165.0,-1.0185185185185186,-1.0185185185185186,0.0,-3.0,False,,0.004051863857374392,limited,-3.0,162.0,-165.0,-1.0185185185185186
26,ida_abd3259c8f656b83a7fb,medium,NEGATIVE_AMOUNT,rule,others is negative and may represent a correction or reversal.,others=-0.20,Confirm the adjustment against source documentation before reporting.,,,Ethiopia,EASTERN AND SOUTHERN AFRICA,country,Commitments,quarterly,2026-Q3,2149.0,2380.0,2380.0,-231.0,-0.09705882352941177,-0.09705882352941177,2149.0,1976.0,True,0.9194974406700791,0.9915254237288136,major,2149.0,2380.0,-231.0,-0.09705882352941177
1284,ida_7268a06f60b44e171927,medium,NEGATIVE_AMOUNT,rule,others is negative and may represent a correction or reversal.,others=-0.30,Confirm the adjustment against source documentation before reporting.,,,Nigeria,WESTERN AND CENTRAL AFRICA,country,Gross Disbursements,quarterly,2026-Q3,983.19,898.2,898.2,84.99000000000001,0.09462257849031397,0.09462257849031397,1650.0,983.19,True,0.5958727272727273,0.9821428571428571,major,983.19,898.2,84.99000000000001,0.09462257849031397
66,ida_d0d4dcf0718ca2842ad4,medium,NEGATIVE_AMOUNT,rule,total is negative and may represent a correction or reversal.,total=-1.00,Confirm the adjustment against source documentation before reporting.,,,Kazakhstan,EUROPE AND CENTRAL ASIA,country,Commitments,quarterly,2026-Q3,-1.0,0.0,0.0,-1.0,,,-1.0,,False,,0.00847457627118644,limited,-1.0,0.0,-1.0,
103,ida_07dd12ee01c0f7c1a3a7,medium,NEGATIVE_AMOUNT,rule,total is negative and may represent a correction or reversal.,total=-1.00,Confirm the adjustment against source documentation before reporting.,,,El Salvador,LATIN AMERICA AND CARIBBEAN,country,Commitments,quarterly,2026-Q3,-1.0,-1.0,-1.0,0.0,0.0,0.0,-1.0,0.0,False,,0.00847457627118644,limited,-1.0,-1.0,0.0,0.0
131,ida_53145c6125c633fb3d04,medium,NEGATIVE_AMOUNT,rule,total is negative and may represent a correction or reversal.,total=-1.00,Confirm the adjustment against source documentation before reporting.,,,Oman,"MIDDLE EAST, NORTH AFRICA, AFGHANISTAN, AND PAKISTAN",country,Commitments,quarterly,2026-Q3,-1.0,0.0,0.0,-1.0,,,-1.0,,False,,0.00847457627118644,limited,-1.0,0.0,-1.0,
146,ida_d2d18888012b1089e73b,medium,NEGATIVE_AMOUNT,rule,total is negative and may represent a correction or reversal.,total=-0.84,Confirm the adjustment against source documentation before reporting.,,,Gabon,WESTERN AND CENTRAL AFRICA,country,Commitments,quarterly,2026-Q3,-0.84,0.0,0.0,-0.84,,,-0.84,,False,,0.01694915254237288,limited,-0.84,0.0,-0.84,
238,ida_d7b147add808e7799770,medium,NEGATIVE_AMOUNT,rule,total is negative and may represent a correction or reversal.,total=-0.49,Confirm the adjustment against source documentation before reporting.,,,Albania,EUROPE AND CENTRAL ASIA,country,Commitments,quarterly,2025-Q3,-0.49,,,,,,-0.49,0.0,False,,0.0211864406779661,limited,-0.49,,,
245,ida_ec2fe8f3409d15528859,medium,NEGATIVE_AMOUNT,rule,total is negative and may represent a correction or reversal.,total=-0.49,Confirm the adjustment against source documentation before reporting.,,,Bulgaria,EUROPE AND CENTRAL ASIA,country,Commitments,quarterly,2025-Q3,-0.49,,,,,,-0.49,,False,,0.0211864406779661,limited,-0.49,,,
296,ida_04eb728f3272b7a510fb,medium,NEGATIVE_AMOUNT,rule,total is negative and may represent a correction or reversal.,total=-1.00,Confirm the adjustment against source documentation before reporting.,,,El Salvador,LATIN AMERICA AND CARIBBEAN,country,Commitments,quarterly,2025-Q3,-1.0,,,,,,-1.0,0.0,False,,0.00847457627118644,limited,-1.0,,,
337,ida_14545033926e35c9f537,medium,NEGATIVE_AMOUNT,rule,total is negative and may represent a correction or reversal.,total=-1.00,Confirm the adjustment against source documentation before reporting.,,,"Congo, Republic of",WESTERN AND CENTRAL AFRICA,country,Commitments,quarterly,2025-Q3,-1.0,,,,,,-1.0,14.0,False,,0.00847457627118644,limited,-1.0,,,
1000,ida_6707c99f09248f7d7b94,medium,NEGATIVE_AMOUNT,rule,total is negative and may represent a correction or reversal.,total=-1.00,Confirm the adjustment against source documentation before reporting.,,,Iraq,MIDDLE EAST AND NORTH AFRICA,country,Gross Disbursements,annual,FY17,-1.0,19.0,19.0,-20.0,-1.0526315789473684,-1.0526315789473684,,-1.0,False,,0.006482982171799027,limited,-1.0,19.0,-20.0,-1.0526315789473684
1233,ida_d03d7893bc29cf568d78,medium,NEGATIVE_AMOUNT,rule,total is negative and may represent a correction or reversal.,total=-0.25,Confirm the adjustment against source documentation before reporting.,,,Dominican Republic,LATIN AMERICA AND CARIBBEAN,country,Gross Disbursements,quarterly,2026-Q3,-0.25,0.0,0.0,-0.25,,,0.0,-0.25,False,,0.017857142857142856,limited,-0.25,0.0,-0.25,
1240,ida_bd4ec66f7d2b905cb785,medium,NEGATIVE_AMOUNT,rule,total is negative and may represent a correction or reversal.,total=-11.00,Confirm the adjustment against source documentation before reporting.,,,Nicaragua,LATIN AMERICA AND CARIBBEAN,country,Gross Disbursements,quarterly,2026-Q3,-11.0,22.0,22.0,-33.0,-1.5,-1.5,0.0,-11.0,False,,0.004464285714285714,moderate,-11.0,22.0,-33.0,-1.5
1270,ida_8e449f6978a1926bea37,medium,NEGATIVE_AMOUNT,rule,total is negative and may represent a correction or reversal.,total=-2.00,Confirm the adjustment against source documentation before reporting.,,,Central Africa,WESTERN AND CENTRAL AFRICA,aggregate_or_institution,Gross Disbursements,quarterly,2026-Q3,-2.0,2.0,2.0,-4.0,-2.0,-2.0,0.0,-2.0,False,,0.045454545454545456,limited,-2.0,2.0,-4.0,-2.0
1300,ida_5ffd76429390bf2ec553,medium,NEGATIVE_AMOUNT,rule,total is negative and may represent a correction or reversal.,total=-5.00,Confirm the adjustment against source documentation before reporting.,,,Myanmar,EAST ASIA AND PACIFIC,country,Gross Disbursements,quarterly,2025-Q3,-5.0,,,,,,0.0,-5.0,False,,0.008928571428571428,limited,-5.0,,,
1338,ida_80ddf81f62437455c54a,medium,NEGATIVE_AMOUNT,rule,total is negative and may represent a correction or reversal.,total=-0.51,Confirm the adjustment against source documentation before reporting.,,,Armenia,EUROPE AND CENTRAL ASIA,country,Gross Disbursements,quarterly,2025-Q3,-0.51,,,,,,0.0,-0.51,False,,0.013392857142857142,limited,-0.51,,,
1615,ida_75a8fbe576e209f56d95,medium,NEGATIVE_AMOUNT,rule,total is negative and may represent a correction or reversal.,total=-5.00,Confirm the adjustment against source documentation before reporting.,,,Myanmar,EAST ASIA AND PACIFIC,country,Gross Disbursements,annual,FY25,-5.0,-10.0,-10.0,5.0,0.5,0.5,93.0,-5.0,True,-0.053763440860215055,0.0024311183144246355,limited,-5.0,-10.0,5.0,0.5
1653,ida_a15d8d9c17d6c5060b50,medium,NEGATIVE_AMOUNT,rule,total is negative and may represent a correction or reversal.,total=-1.00,Confirm the adjustment against source documentation before reporting.,,,Armenia,EUROPE AND CENTRAL ASIA,country,Gross Disbursements,annual,FY25,-1.0,2.0,2.0,-3.0,-1.5,-1.5,0.0,-1.0,False,,0.006482982171799027,limited,-1.0,2.0,-3.0,-1.5
1736,ida_361c91937fa794a2eda7,medium,NEGATIVE_AMOUNT,rule,total is negative and may represent a correction or reversal.,total=-10.00,Confirm the adjustment against source documentation before reporting.,,,Myanmar,EAST ASIA AND PACIFIC,country,Gross Disbursements,annual,FY24,-10.0,-19.0,-19.0,9.0,0.47368421052631576,0.47368421052631576,0.0,-10.0,False,,0.0016207455429497568,limited,-10.0,-19.0,9.0,0.47368421052631576
1767,ida_347f2e289e3c39abde4b,medium,NEGATIVE_AMOUNT,rule,total is negative and may represent a correction or reversal.,total=-3.00,Confirm the adjustment against source documentation before reporting.,,,Sudan,EASTERN AND SOUTHERN AFRICA,country,Gross Disbursements,annual,FY24,-3.0,0.0,0.0,-3.0,,,0.0,-3.0,False,,0.004051863857374392,limited,-3.0,0.0,-3.0,
2406,ida_04d34c870c18e60a4c9f,medium,NEGATIVE_AMOUNT,rule,total is negative and may represent a correction or reversal.,total=-1.00,Confirm the adjustment against source documentation before reporting.,,,Indonesia,EAST ASIA AND PACIFIC,country,Gross Disbursements,annual,FY15,-1.0,-3.0,-3.0,2.0,0.6666666666666666,0.6666666666666666,,-1.0,False,,0.006482982171799027,limited,-1.0,-3.0,2.0,0.6666666666666666
2574,ida_86bb39d8b0383d866148,medium,NEGATIVE_AMOUNT,rule,total is negative and may represent a correction or reversal.,total=-3.00,Confirm the adjustment against source documentation before reporting.,,,Indonesia,EAST ASIA AND PACIFIC,country,Gross Disbursements,annual,FY14,-3.0,,,,,,,-3.0,False,,0.004051863857374392,limited,-3.0,,,
2814,ida_8ef607329ac493c2870a,medium,NEGATIVE_AMOUNT,rule,total is negative and may represent a correction or reversal.,total=-19.00,Confirm the adjustment against source documentation before reporting.,,,Myanmar,EAST ASIA AND PACIFIC,country,Gross Disbursements,annual,FY23,-19.0,43.0,43.0,-62.0,-1.441860465116279,-1.441860465116279,0.0,-19.0,False,,0.0008103727714748784,moderate,-19.0,43.0,-62.0,-1.441860465116279
2893,ida_f90becd5a99df5ae7e5b,medium,NEGATIVE_AMOUNT,rule,total is negative and may represent a correction or reversal.,total=-3.00,Confirm the adjustment against source documentation before reporting.,,,Afghanistan,SOUTH ASIA,country,Gross Disbursements,annual,FY23,-3.0,162.0,162.0,-165.0,-1.0185185185185186,-1.0185185185185186,0.0,-3.0,False,,0.004051863857374392,limited,-3.0,162.0,-165.0,-1.0185185185185186
887,ida_b0092e0914260607732c,medium,TOTAL_MISMATCH,rule,Aggregate total does not reconcile to country-style financing components; the aggregate reporting semantics may differ.,reported=50.00; components=0.00; difference=50.00,Confirm the aggregate definition before treating this as a data-quality error.,,,World,OTHER,aggregate_or_institution,Commitments,annual,FY17,50.0,,,,,,50.0,50.0,True,1.0,0.7412280701754386,moderate,50.0,,,
1004,ida_654bc565867de9e77f49,medium,TOTAL_MISMATCH,rule,Aggregate total does not reconcile to country-style financing components; the aggregate reporting semantics may differ.,reported=50.00; components=0.00; difference=50.00,Confirm the aggregate definition before treating this as a data-quality error.,,,World,OTHER,aggregate_or_institution,Gross Disbursements,annual,FY17,50.0,,,,,,50.0,50.0,True,1.0,0.8936170212765957,moderate,50.0,,,
1069,ida_0afabee4e9bf7c89fb1c,high,YEAR_OVER_YEAR_SHIFT,statistical_process_control,Total changed materially from the comparable prior-year period.,total=250.00; prior_year=22.00; change=1036.4%,Confirm whether the shift reflects approved financing activity or a data issue.,1.0,annual|Commitments|country,Afghanistan,SOUTH ASIA,country,Commitments,annual,FY16,250.0,22.0,22.0,228.0,10.363636363636363,10.363636363636363,250.0,107.0,True,0.428,0.7581723625557206,significant,250.0,22.0,228.0,10.363636363636363
1598,ida_5cadc5766c4fc5eeb717,medium,YEAR_OVER_YEAR_SHIFT,statistical_process_control,Total changed materially from the comparable prior-year period.,total=325.00; prior_year=84.00; change=286.9%,Confirm whether the shift reflects approved financing activity or a data issue.,0.3586309523809524,annual|Commitments|country,Afghanistan,SOUTH ASIA,country,Commitments,annual,FY25,325.0,84.0,84.0,241.0,2.869047619047619,2.869047619047619,325.0,174.0,True,0.5353846153846153,0.7912332838038633,significant,325.0,84.0,241.0,2.869047619047619
1599,ida_bbc59cb7fdc558d79170,high,YEAR_OVER_YEAR_SHIFT,statistical_process_control,Total changed materially from the comparable prior-year period.,total=414.00; prior_year=50.00; change=728.0%,Confirm whether the shift reflects approved financing activity or a data issue.,0.91,annual|Commitments|country,Bhutan,SOUTH ASIA,country,Commitments,annual,FY25,414.0,50.0,50.0,364.0,7.28,7.28,414.0,3.0,True,0.007246376811594203,0.8224368499257058,significant,414.0,50.0,364.0,7.28
2633,ida_72ea6525523114b04df7,medium,YEAR_OVER_YEAR_SHIFT,statistical_process_control,Total changed materially from the comparable prior-year period.,total=432.00; prior_year=120.00; change=260.0%,Confirm whether the shift reflects approved financing activity or a data issue.,0.325,annual|Commitments|country,Burundi,EASTERN AND SOUTHERN AFRICA,country,Commitments,annual,FY24,432.0,120.0,120.0,312.0,2.6,2.6,432.0,203.0,True,0.4699074074074074,0.8306092124814265,significant,432.0,120.0,312.0,2.6
422,ida_c4e0d5a491752ec88989,medium,YEAR_OVER_YEAR_SHIFT,statistical_process_control,Total changed materially from the comparable prior-year period.,total=266.00; prior_year=69.00; change=285.5%,Confirm whether the shift reflects approved financing activity or a data issue.,0.35688405797101447,annual|Gross Disbursements|country,Cambodia,EAST ASIA AND PACIFIC,country,Gross Disbursements,annual,FY22,266.0,69.0,69.0,197.0,2.8550724637681157,2.8550724637681157,284.0,266.0,True,0.9366197183098591,0.8038897893030794,significant,266.0,69.0,197.0,2.8550724637681157
2173,ida_7b939e33837d480500a1,medium,YEAR_OVER_YEAR_SHIFT,statistical_process_control,Total changed materially from the comparable prior-year period.,total=630.00; prior_year=150.00; change=320.0%,Confirm whether the shift reflects approved financing activity or a data issue.,0.4,annual|Commitments|country,Cameroon,AFRICA WEST,country,Commitments,annual,FY20,630.0,150.0,150.0,480.0,3.2,3.2,630.0,314.0,True,0.4984126984126984,0.8785289747399703,major,630.0,150.0,480.0,3.2
846,ida_f9242338e00010319ef6,high,YEAR_OVER_YEAR_SHIFT,statistical_process_control,Total changed materially from the comparable prior-year period.,total=143.00; prior_year=20.00; change=615.0%,Confirm whether the shift reflects approved financing activity or a data issue.,0.76875,annual|Commitments|country,Central African Republic,AFRICA,country,Commitments,annual,FY17,143.0,20.0,20.0,123.0,6.15,6.15,143.0,36.0,True,0.2517482517482518,0.6920505200594353,significant,143.0,20.0,123.0,6.15
3100,ida_fb62273b6cf5c91187a1,medium,YEAR_OVER_YEAR_SHIFT,statistical_process_control,Total changed materially from the comparable prior-year period.,total=333.00; prior_year=80.00; change=316.2%,Confirm whether the shift reflects approved financing activity or a data issue.,0.3953125,annual|Commitments|country,Central African Republic,AFRICA,country,Commitments,annual,FY19,333.0,80.0,80.0,253.0,3.1625,3.1625,333.0,156.0,True,0.46846846846846846,0.7953194650817236,significant,333.0,80.0,253.0,3.1625
2016,ida_ea62b3617c69985bb463,medium,YEAR_OVER_YEAR_SHIFT,statistical_process_control,Total changed materially from the comparable prior-year period.,total=241.00; prior_year=47.00; change=412.8%,Confirm whether the shift reflects approved financing activity or a data issue.,0.5159574468085106,annual|Commitments|country,Central African Republic,WESTERN AND CENTRAL AFRICA,country,Commitments,annual,FY21,241.0,47.0,47.0,194.0,4.127659574468085,4.127659574468085,241.0,166.0,True,0.6887966804979253,0.7540861812778603,significant,241.0,47.0,194.0,4.127659574468085
845,ida_3f4fb8d4f1d173e35316,medium,YEAR_OVER_YEAR_SHIFT,statistical_process_control,Total changed materially from the comparable prior-year period.,total=212.00; prior_year=50.00; change=324.0%,Confirm whether the shift reflects approved financing activity or a data issue.,0.405,annual|Commitments|country,Chad,AFRICA,country,Commitments,annual,FY17,212.0,50.0,50.0,162.0,3.24,3.24,212.0,91.0,True,0.42924528301886794,0.7395988112927192,significant,212.0,50.0,162.0,3.24
652,ida_2c3067f5def38b189175,medium,YEAR_OVER_YEAR_SHIFT,statistical_process_control,Total changed materially from the comparable prior-year period.,total=813.00; prior_year=190.00; change=327.9%,Confirm whether the shift reflects approved financing activity or a data issue.,0.4098684210526316,annual|Commitments|country,Chad,WESTERN AND CENTRAL AFRICA,country,Commitments,annual,FY22,813.0,190.0,190.0,623.0,3.278947368421053,3.278947368421053,813.0,102.0,True,0.12546125461254612,0.9167904903417533,major,813.0,190.0,623.0,3.278947368421053
3033,ida_a83d533204c7260395ad,medium,YEAR_OVER_YEAR_SHIFT,statistical_process_control,Total changed materially from the comparable prior-year period.,total=812.00; prior_year=200.00; change=306.0%,Confirm whether the shift reflects approved financing activity or a data issue.,0.3825,annual|Commitments|country,"Congo, Democratic Republic of",AFRICA,country,Commitments,annual,FY19,812.0,200.0,200.0,612.0,3.06,3.06,812.0,458.0,True,0.5640394088669951,0.9160475482912332,major,812.0,200.0,612.0,3.06
812,ida_a839b5799e196fc250fc,medium,YEAR_OVER_YEAR_SHIFT,statistical_process_control,Total changed materially from the comparable prior-year period.,total=710.00; prior_year=115.00; change=517.4%,Confirm whether the shift reflects approved financing activity or a data issue.,0.6467391304347826,annual|Commitments|country,Cote d'Ivoire,AFRICA,country,Commitments,annual,FY17,710.0,115.0,115.0,595.0,5.173913043478261,5.173913043478261,710.0,200.0,True,0.28169014084507044,0.8933878157503715,major,710.0,115.0,595.0,5.173913043478261
624,ida_cb38c865b08e1ef80427,medium,YEAR_OVER_YEAR_SHIFT,statistical_process_control,Total changed materially from the comparable prior-year period.,total=202.00; prior_year=45.00; change=348.9%,Confirm whether the shift reflects approved financing activity or a data issue.,0.4361111111111111,annual|Commitments|country,Djibouti,MIDDLE EAST AND NORTH AFRICA,country,Commitments,annual,FY22,202.0,45.0,45.0,157.0,3.488888888888889,3.488888888888889,202.0,34.0,True,0.16831683168316833,0.7317979197622585,significant,202.0,45.0,157.0,3.488888888888889
1592,ida_c5ab12ee236abc4ab2f5,medium,YEAR_OVER_YEAR_SHIFT,statistical_process_control,Total changed materially from the comparable prior-year period.,total=148.00; prior_year=40.00; change=270.0%,Confirm whether the shift reflects approved financing activity or a data issue.,0.3375,annual|Commitments|country,Djibouti,MIDDLE EAST AND NORTH AFRICA,country,Commitments,annual,FY25,148.0,40.0,40.0,108.0,2.7,2.7,148.0,50.0,True,0.33783783783783783,0.6972511144130757,significant,148.0,40.0,108.0,2.7
656,ida_5cac7f50332a99b21819,medium,YEAR_OVER_YEAR_SHIFT,statistical_process_control,Total changed materially from the comparable prior-year period.,total=190.00; prior_year=38.00; change=400.0%,Confirm whether the shift reflects approved financing activity or a data issue.,0.5,annual|Commitments|country,"Gambia, The",WESTERN AND CENTRAL AFRICA,country,Commitments,annual,FY22,190.0,38.0,38.0,152.0,4.0,4.0,190.0,80.0,True,0.42105263157894735,0.7206537890044576,significant,190.0,38.0,152.0,4.0
411,ida_2edadf9a20d34e49e843,high,YEAR_OVER_YEAR_SHIFT,statistical_process_control,Total changed materially from the comparable prior-year period.,total=206.00; prior_year=25.00; change=724.0%,Confirm whether the shift reflects approved financing activity or a data issue.,0.905,annual|Commitments|country,Guinea,WESTERN AND CENTRAL AFRICA,country,Commitments,annual,FY23,206.0,25.0,25.0,181.0,7.24,7.24,206.0,114.0,True,0.5533980582524272,0.7355126300148589,significant,206.0,25.0,181.0,7.24
2384,ida_e5b1744cf960312a52f5,medium,YEAR_OVER_YEAR_SHIFT,statistical_process_control,Total changed materially from the comparable prior-year period.,total=148.00; prior_year=26.00; change=469.2%,Confirm whether the shift reflects approved financing activity or a data issue.,0.5865384615384616,annual|Gross Disbursements|country,Guinea,AFRICA,country,Gross Disbursements,annual,FY15,148.0,26.0,26.0,122.0,4.6923076923076925,4.6923076923076925,237.0,148.0,True,0.6244725738396625,0.7196110210696921,significant,148.0,26.0,122.0,4.6923076923076925
1519,ida_143cf8401d2fc9df851d,medium,YEAR_OVER_YEAR_SHIFT,statistical_process_control,Total changed materially from the comparable prior-year period.,total=195.00; prior_year=35.00; change=457.1%,Confirm whether the shift reflects approved financing activity or a data issue.,0.5714285714285714,annual|Commitments|country,Guyana,LATIN AMERICA AND CARIBBEAN,country,Commitments,annual,FY25,195.0,35.0,35.0,160.0,4.571428571428571,4.571428571428571,195.0,4.0,True,0.020512820512820513,0.7262258543833581,significant,195.0,35.0,160.0,4.571428571428571
1521,ida_5dbe7e549a288107fdc4,high,YEAR_OVER_YEAR_SHIFT,statistical_process_control,Total changed materially from the comparable prior-year period.,total=332.00; prior_year=40.00; change=730.0%,Confirm whether the shift reflects approved financing activity or a data issue.,0.9125,annual|Commitments|country,Honduras,LATIN AMERICA AND CARIBBEAN,country,Commitments,annual,FY25,332.0,40.0,40.0,292.0,7.3,7.3,332.0,220.0,True,0.6626506024096386,0.7942050520059435,significant,332.0,40.0,292.0,7.3
27,ida_03d079017ee3d8a355a5,medium,YEAR_OVER_YEAR_SHIFT,statistical_process_control,Total changed materially from the comparable prior-year period.,"total=1,285.00; prior_year=250.00; change=414.0%",Confirm whether the shift reflects approved financing activity or a data issue.,0.5175,quarterly|Commitments|country,Kenya,EASTERN AND SOUTHERN AFRICA,country,Commitments,quarterly,2026-Q3,1285.0,250.0,250.0,1035.0,4.14,4.14,1285.0,702.0,True,0.5463035019455252,0.9830508474576272,major,1285.0,250.0,1035.0,4.14
1573,ida_86071362482d52c80946,medium,YEAR_OVER_YEAR_SHIFT,statistical_process_control,Total changed materially from the comparable prior-year period.,total=133.00; prior_year=20.00; change=565.0%,Confirm whether the shift reflects approved financing activity or a data issue.,0.70625,annual|Commitments|country,Kiribati,EAST ASIA AND PACIFIC,country,Commitments,annual,FY25,133.0,20.0,20.0,113.0,5.65,5.65,133.0,21.0,True,0.15789473684210525,0.6853640416047548,significant,133.0,20.0,113.0,5.65
2679,ida_aea3ec12d7cb9e6a3e41,high,YEAR_OVER_YEAR_SHIFT,statistical_process_control,Total changed materially from the comparable prior-year period.,total=140.00; prior_year=20.00; change=600.0%,Confirm whether the shift reflects approved financing activity or a data issue.,0.75,annual|Commitments|country,Kosovo,EUROPE AND CENTRAL ASIA,country,Commitments,annual,FY24,140.0,20.0,20.0,120.0,6.0,6.0,140.0,26.0,True,0.18571428571428572,0.6905646359583952,significant,140.0,20.0,120.0,6.0
3093,ida_085a64d352661e000e2a,medium,YEAR_OVER_YEAR_SHIFT,statistical_process_control,Total changed materially from the comparable prior-year period.,total=148.00; prior_year=28.00; change=428.6%,Confirm whether the shift reflects approved financing activity or a data issue.,0.5357142857142857,annual|Commitments|country,Lesotho,AFRICA,country,Commitments,annual,FY19,148.0,28.0,28.0,120.0,4.285714285714286,4.285714285714286,148.0,31.0,True,0.20945945945945946,0.6972511144130757,significant,148.0,28.0,120.0,4.285714285714286
2306,ida_ac58915f3a004f88a9e8,high,YEAR_OVER_YEAR_SHIFT,statistical_process_control,Total changed materially from the comparable prior-year period.,total=257.00; prior_year=22.00; change=1068.2%,Confirm whether the shift reflects approved financing activity or a data issue.,1.0,annual|Commitments|country,Liberia,AFRICA,country,Commitments,annual,FY15,257.0,22.0,22.0,235.0,10.681818181818182,10.681818181818182,257.0,184.0,True,0.7159533073929961,0.762630014858841,significant,257.0,22.0,235.0,10.681818181818182
2388,ida_f6055597531ee2acd4ad,medium,YEAR_OVER_YEAR_SHIFT,statistical_process_control,Total changed materially from the comparable prior-year period.,total=184.00; prior_year=42.00; change=338.1%,Confirm whether the shift reflects approved financing activity or a data issue.,0.4226190476190476,annual|Gross Disbursements|country,Liberia,AFRICA,country,Gross Disbursements,annual,FY15,184.0,42.0,42.0,142.0,3.380952380952381,3.380952380952381,257.0,184.0,True,0.7159533073929961,0.7552674230145867,significant,184.0,42.0,142.0,3.380952380952381
827,ida_6403b56618da8b1c1310,high,YEAR_OVER_YEAR_SHIFT,statistical_process_control,Total changed materially from the comparable prior-year period.,total=421.00; prior_year=52.00; change=709.6%,Confirm whether the shift reflects approved financing activity or a data issue.,0.8870192307692307,annual|Commitments|country,Malawi,AFRICA,country,Commitments,annual,FY17,421.0,52.0,52.0,369.0,7.096153846153846,7.096153846153846,421.0,237.0,True,0.5629453681710214,0.826151560178306,significant,421.0,52.0,369.0,7.096153846153846
414,ida_7b30cf3926fcd356538b,medium,YEAR_OVER_YEAR_SHIFT,statistical_process_control,Total changed materially from the comparable prior-year period.,total=647.00; prior_year=143.00; change=352.4%,Confirm whether the shift reflects approved financing activity or a data issue.,0.4405594405594406,annual|Commitments|country,Mali,WESTERN AND CENTRAL AFRICA,country,Commitments,annual,FY23,647.0,143.0,143.0,504.0,3.5244755244755246,3.5244755244755246,647.0,287.0,True,0.4435857805255023,0.8818722139673105,major,647.0,143.0,504.0,3.5244755244755246
1564,ida_6b67cb2496849091ae22,medium,YEAR_OVER_YEAR_SHIFT,statistical_process_control,Total changed materially from the comparable prior-year period.,total=580.00; prior_year=100.00; change=480.0%,Confirm whether the shift reflects approved financing activity or a data issue.,0.6,annual|Commitments|country,Mali,WESTERN AND CENTRAL AFRICA,country,Commitments,annual,FY25,580.0,100.0,100.0,480.0,4.8,4.8,580.0,271.0,True,0.4672413793103448,0.8632986627043091,major,580.0,100.0,480.0,4.8
2182,ida_af8984f7be41ed9a8af2,high,YEAR_OVER_YEAR_SHIFT,statistical_process_control,Total changed materially from the comparable prior-year period.,total=293.00; prior_year=23.00; change=1173.9%,Confirm whether the shift reflects approved financing activity or a data issue.,1.0,annual|Commitments|country,Mauritania,AFRICA WEST,country,Commitments,annual,FY20,293.0,23.0,23.0,270.0,11.73913043478261,11.73913043478261,293.0,106.0,True,0.36177474402730375,0.7782317979197623,significant,293.0,23.0,270.0,11.73913043478261
3084,ida_15b0f65b3155203c2309,medium,YEAR_OVER_YEAR_SHIFT,statistical_process_control,Total changed materially from the comparable prior-year period.,total=135.00; prior_year=25.00; change=440.0%,Confirm whether the shift reflects approved financing activity or a data issue.,0.55,annual|Commitments|country,Moldova,EUROPE AND CENTRAL ASIA,country,Commitments,annual,FY19,135.0,25.0,25.0,110.0,4.4,4.4,135.0,42.0,True,0.3111111111111111,0.686849925705795,significant,135.0,25.0,110.0,4.4
596,ida_e37918d2fb93c3625289,medium,YEAR_OVER_YEAR_SHIFT,statistical_process_control,Total changed materially from the comparable prior-year period.,total=189.00; prior_year=45.00; change=320.0%,Confirm whether the shift reflects approved financing activity or a data issue.,0.4,annual|Commitments|country,Moldova,EUROPE AND CENTRAL ASIA,country,Commitments,annual,FY22,189.0,45.0,45.0,144.0,3.2,3.2,189.0,44.0,True,0.2328042328042328,0.7191679049034175,significant,189.0,45.0,144.0,3.2
3280,ida_3b66e663797f12c10ebb,medium,YEAR_OVER_YEAR_SHIFT,statistical_process_control,Total changed materially from the comparable prior-year period.,total=525.00; prior_year=104.00; change=404.8%,Confirm whether the shift reflects approved financing activity or a data issue.,0.5060096153846154,annual|Commitments|country,Mozambique,AFRICA,country,Commitments,annual,FY18,525.0,104.0,104.0,421.0,4.048076923076923,4.048076923076923,525.0,244.0,True,0.46476190476190476,0.8532689450222882,major,525.0,104.0,421.0,4.048076923076923
815,ida_c7798aa1e02f06d619b1,high,YEAR_OVER_YEAR_SHIFT,statistical_process_control,Total changed materially from the comparable prior-year period.,total=640.00; prior_year=20.00; change=3100.0%,Confirm whether the shift reflects approved financing activity or a data issue.,1.0,annual|Commitments|country,Nepal,SOUTH ASIA,country,Commitments,annual,FY17,640.0,20.0,20.0,620.0,31.0,31.0,640.0,319.0,True,0.4984375,0.8800148588410104,major,640.0,20.0,620.0,31.0
1721,ida_92f04f66ca69186caa2e,medium,YEAR_OVER_YEAR_SHIFT,statistical_process_control,Total changed materially from the comparable prior-year period.,total=621.00; prior_year=149.00; change=316.8%,Confirm whether the shift reflects approved financing activity or a data issue.,0.3959731543624161,annual|Gross Disbursements|country,Niger,WESTERN AND CENTRAL AFRICA,country,Gross Disbursements,annual,FY25,621.0,149.0,149.0,472.0,3.1677852348993287,3.1677852348993287,710.0,621.0,True,0.8746478873239436,0.913290113452188,major,621.0,149.0,472.0,3.1677852348993287
2151,ida_2da9d45d2b9bdb4ca4b3,high,YEAR_OVER_YEAR_SHIFT,statistical_process_control,Total changed materially from the comparable prior-year period.,"total=2,576.00; prior_year=27.00; change=9440.7%",Confirm whether the shift reflects approved financing activity or a data issue.,1.0,annual|Commitments|country,Nigeria,AFRICA WEST,country,Commitments,annual,FY20,2576.0,27.0,27.0,2549.0,94.4074074074074,94.4074074074074,2576.0,990.0,True,0.3843167701863354,0.9910846953937593,major,2576.0,27.0,2549.0,94.4074074074074
3215,ida_77c332cd24f575291ca5,medium,YEAR_OVER_YEAR_SHIFT,statistical_process_control,Total changed materially from the comparable prior-year period.,total=184.00; prior_year=35.00; change=425.7%,Confirm whether the shift reflects approved financing activity or a data issue.,0.5321428571428571,annual|Gross Disbursements|country,Papua New Guinea,EAST ASIA AND PACIFIC,country,Gross Disbursements,annual,FY19,184.0,35.0,35.0,149.0,4.257142857142857,4.257142857142857,150.0,184.0,True,1.2266666666666666,0.7552674230145867,significant,184.0,35.0,149.0,4.257142857142857
1179,ida_0b3df5c667f22bfb2e13,medium,YEAR_OVER_YEAR_SHIFT,statistical_process_control,Total changed materially from the comparable prior-year period.,total=146.76; prior_year=39.51; change=271.5%,Confirm whether the shift reflects approved financing activity or a data issue.,0.3393128321943812,quarterly|Gross Disbursements|country,Papua New Guinea,EAST ASIA AND PACIFIC,country,Gross Disbursements,quarterly,2026-Q3,146.76,39.51,39.51,107.25,2.7145026575550495,2.7145026575550495,149.0,146.76,True,0.98496644295302,0.7053571428571429,significant,146.76,39.51,107.25,2.7145026575550495
821,ida_12d96b8635a2e7df81ff,medium,YEAR_OVER_YEAR_SHIFT,statistical_process_control,Total changed materially from the comparable prior-year period.,total=630.00; prior_year=150.00; change=320.0%,Confirm whether the shift reflects approved financing activity or a data issue.,0.4,annual|Commitments|country,Senegal,AFRICA,country,Commitments,annual,FY17,630.0,150.0,150.0,480.0,3.2,3.2,630.0,149.0,True,0.2365079365079365,0.8785289747399703,major,630.0,150.0,480.0,3.2
2176,ida_69da0d77445aa7d7865d,high,YEAR_OVER_YEAR_SHIFT,statistical_process_control,Total changed materially from the comparable prior-year period.,total=902.00; prior_year=98.00; change=820.4%,Confirm whether the shift reflects approved financing activity or a data issue.,1.0,annual|Commitments|country,Somalia,AFRICA EAST,country,Commitments,annual,FY20,902.0,98.0,98.0,804.0,8.204081632653061,8.204081632653061,902.0,520.0,True,0.5764966740576497,0.9264487369985142,major,902.0,98.0,804.0,8.204081632653061
1947,ida_145f47381dd219ab8b46,medium,YEAR_OVER_YEAR_SHIFT,statistical_process_control,Total changed materially from the comparable prior-year period.,total=223.00; prior_year=40.00; change=457.5%,Confirm whether the shift reflects approved financing activity or a data issue.,0.571875,annual|Commitments|country,South Sudan,EASTERN AND SOUTHERN AFRICA,country,Commitments,annual,FY21,223.0,40.0,40.0,183.0,4.575,4.575,223.0,24.0,True,0.10762331838565023,0.7473997028231798,significant,223.0,40.0,183.0,4.575
460,ida_9ca9e8c3fb95af49813a,high,YEAR_OVER_YEAR_SHIFT,statistical_process_control,Total changed materially from the comparable prior-year period.,total=198.00; prior_year=24.00; change=725.0%,Confirm whether the shift reflects approved financing activity or a data issue.,0.90625,annual|Gross Disbursements|country,South Sudan,EASTERN AND SOUTHERN AFRICA,country,Gross Disbursements,annual,FY22,198.0,24.0,24.0,174.0,7.25,7.25,553.0,198.0,True,0.35804701627486435,0.7682333873581848,significant,198.0,24.0,174.0,7.25
1646,ida_48f7e0c774d42a93805d,medium,YEAR_OVER_YEAR_SHIFT,statistical_process_control,Total changed materially from the comparable prior-year period.,total=259.00; prior_year=52.00; change=398.1%,Confirm whether the shift reflects approved financing activity or a data issue.,0.49759615384615385,annual|Gross Disbursements|country,South Sudan,EASTERN AND SOUTHERN AFRICA,country,Gross Disbursements,annual,FY25,259.0,52.0,52.0,207.0,3.980769230769231,3.980769230769231,209.0,259.0,True,1.2392344497607655,0.7986223662884927,significant,259.0,52.0,207.0,3.980769230769231
1589,ida_dd5276adf209b222749e,medium,YEAR_OVER_YEAR_SHIFT,statistical_process_control,Total changed materially from the comparable prior-year period.,total=448.00; prior_year=111.00; change=303.6%,Confirm whether the shift reflects approved financing activity or a data issue.,0.3795045045045045,annual|Commitments|country,Tajikistan,EUROPE AND CENTRAL ASIA,country,Commitments,annual,FY25,448.0,111.0,111.0,337.0,3.036036036036036,3.036036036036036,448.0,229.0,True,0.5111607142857143,0.8354383358098069,significant,448.0,111.0,337.0,3.036036036036036
2159,ida_3ad76f4c6d16b77078e0,high,YEAR_OVER_YEAR_SHIFT,statistical_process_control,Total changed materially from the comparable prior-year period.,total=950.00; prior_year=75.00; change=1166.7%,Confirm whether the shift reflects approved financing activity or a data issue.,1.0,annual|Commitments|country,Tanzania,AFRICA EAST,country,Commitments,annual,FY20,950.0,75.0,75.0,875.0,11.666666666666666,11.666666666666666,950.0,751.0,True,0.7905263157894736,0.9316493313521546,major,950.0,75.0,875.0,11.666666666666666
2188,ida_a4ccb6c54b7191395f5d,medium,YEAR_OVER_YEAR_SHIFT,statistical_process_control,Total changed materially from the comparable prior-year period.,total=278.00; prior_year=70.00; change=297.1%,Confirm whether the shift reflects approved financing activity or a data issue.,0.37142857142857144,annual|Commitments|country,Togo,AFRICA WEST,country,Commitments,annual,FY20,278.0,70.0,70.0,208.0,2.9714285714285715,2.9714285714285715,278.0,218.0,True,0.7841726618705036,0.7704309063893017,significant,278.0,70.0,208.0,2.9714285714285715
2165,ida_3c0dc620828b60a0391e,medium,YEAR_OVER_YEAR_SHIFT,statistical_process_control,Total changed materially from the comparable prior-year period.,total=765.00; prior_year=150.00; change=410.0%,Confirm whether the shift reflects approved financing activity or a data issue.,0.5125,annual|Commitments|country,Uganda,AFRICA EAST,country,Commitments,annual,FY20,765.0,150.0,150.0,615.0,4.1,4.1,765.0,331.0,True,0.4326797385620915,0.9034175334323923,major,765.0,150.0,615.0,4.1
2864,ida_a3a334f0406b476c38b0,high,YEAR_OVER_YEAR_SHIFT,statistical_process_control,Total changed materially from the comparable prior-year period.,total=984.00; prior_year=26.00; change=3684.6%,Confirm whether the shift reflects approved financing activity or a data issue.,1.0,annual|Gross Disbursements|country,Ukraine,EUROPE AND CENTRAL ASIA,country,Gross Disbursements,annual,FY23,984.0,26.0,26.0,958.0,36.84615384615385,36.84615384615385,0.0,984.0,False,,0.9505672609400324,major,984.0,26.0,958.0,36.84615384615385
814,ida_a6d4ffaff5ef7f650037,medium,YEAR_OVER_YEAR_SHIFT,statistical_process_control,Total changed materially from the comparable prior-year period.,total=323.00; prior_year=76.00; change=325.0%,Confirm whether the shift reflects approved financing activity or a data issue.,0.40625,annual|Commitments|country,Uzbekistan,EUROPE AND CENTRAL ASIA,country,Commitments,annual,FY17,323.0,76.0,76.0,247.0,3.25,3.25,323.0,95.0,True,0.29411764705882354,0.7901188707280832,significant,323.0,76.0,247.0,3.25
2164,ida_eb41e8d57f87ff68cd6e,high,YEAR_OVER_YEAR_SHIFT,statistical_process_control,Total changed materially from the comparable prior-year period.,total=803.00; prior_year=93.00; change=763.4%,Confirm whether the shift reflects approved financing activity or a data issue.,0.9543010752688172,annual|Commitments|country,Uzbekistan,EUROPE AND CENTRAL ASIA,country,Commitments,annual,FY20,803.0,93.0,93.0,710.0,7.634408602150538,7.634408602150538,803.0,169.0,True,0.21046077210460773,0.913075780089153,major,803.0,93.0,710.0,7.634408602150538
3187,ida_90be1828dc85e038a962,high,YEAR_OVER_YEAR_SHIFT,statistical_process_control,Total changed materially from the comparable prior-year period.,total=700.00; prior_year=75.00; change=833.3%,Confirm whether the shift reflects approved financing activity or a data issue.,1.0,annual|Gross Disbursements|country,Uzbekistan,EUROPE AND CENTRAL ASIA,country,Gross Disbursements,annual,FY19,700.0,75.0,75.0,625.0,8.333333333333334,8.333333333333334,93.0,700.0,True,7.526881720430108,0.9254457050243112,major,700.0,75.0,625.0,8.333333333333334
3053,ida_1f3d4b01462aa6a95418,medium,YEAR_OVER_YEAR_SHIFT,statistical_process_control,Total changed materially from the comparable prior-year period.,total=399.00; prior_year=80.00; change=398.8%,Confirm whether the shift reflects approved financing activity or a data issue.,0.4984375,annual|Commitments|country,Vietnam,EAST ASIA AND PACIFIC,country,Commitments,annual,FY19,399.0,80.0,80.0,319.0,3.9875,3.9875,399.0,569.0,True,1.4260651629072683,0.8179791976225854,significant,399.0,80.0,319.0,3.9875
1998,ida_b2d42aa7fb62c5a8d729,high,YEAR_OVER_YEAR_SHIFT,statistical_process_control,Total changed materially from the comparable prior-year period.,total=613.00; prior_year=52.00; change=1078.8%,Confirm whether the shift reflects approved financing activity or a data issue.,1.0,annual|Commitments|country,"Yemen, Republic of",MIDDLE EAST AND NORTH AFRICA,country,Commitments,annual,FY21,613.0,52.0,52.0,561.0,10.788461538461538,10.788461538461538,613.0,299.0,True,0.48776508972267535,0.8722139673105498,major,613.0,52.0,561.0,10.788461538461538
1870,ida_5a5fa4acda028fd841b5,medium,YEAR_OVER_YEAR_SHIFT,statistical_process_control,Total changed materially from the comparable prior-year period.,total=299.00; prior_year=57.00; change=424.6%,Confirm whether the shift reflects approved financing activity or a data issue.,0.5307017543859649,annual|Gross Disbursements|country,"Yemen, Republic of",MIDDLE EAST AND NORTH AFRICA,country,Gross Disbursements,annual,FY21,299.0,57.0,57.0,242.0,4.245614035087719,4.245614035087719,613.0,299.0,True,0.48776508972267535,0.8184764991896273,significant,299.0,57.0,242.0,4.245614035087719
2322,ida_46bfaec53806ebca1ad9,medium,YEAR_OVER_YEAR_SHIFT,statistical_process_control,Total changed materially from the comparable prior-year period.,total=205.00; prior_year=52.00; change=294.2%,Confirm whether the shift reflects approved financing activity or a data issue.,0.36778846153846156,annual|Commitments|country,Zambia,AFRICA,country,Commitments,annual,FY15,205.0,52.0,52.0,153.0,2.9423076923076925,2.9423076923076925,205.0,71.0,True,0.3463414634146341,0.7343982169390788,significant,205.0,52.0,153.0,2.9423076923076925
852,ida_c8095d8fbcd0b7ef86ce,medium,YEAR_OVER_YEAR_SHIFT,statistical_process_control,Total changed materially from the comparable prior-year period.,total=353.00; prior_year=77.00; change=358.4%,Confirm whether the shift reflects approved financing activity or a data issue.,0.44805194805194803,annual|Commitments|country,Zambia,AFRICA,country,Commitments,annual,FY17,353.0,77.0,77.0,276.0,3.5844155844155843,3.5844155844155843,353.0,103.0,True,0.29178470254957506,0.8060921248142645,significant,353.0,77.0,276.0,3.5844155844155843
2193,ida_8f8e74694cc82edabd9d,medium,YEAR_OVER_YEAR_SHIFT,statistical_process_control,Total changed materially from the comparable prior-year period.,total=382.00; prior_year=100.00; change=282.0%,Confirm whether the shift reflects approved financing activity or a data issue.,0.3525,annual|Commitments|country,Zambia,AFRICA EAST,country,Commitments,annual,FY20,382.0,100.0,100.0,282.0,2.82,2.82,382.0,126.0,True,0.3298429319371728,0.8153789004457652,significant,382.0,100.0,282.0,2.82
586,ida_2404746daed79eff311f,medium,YEAR_OVER_YEAR_SHIFT,statistical_process_control,Total changed materially from the comparable prior-year period.,total=520.00; prior_year=139.00; change=274.1%,Confirm whether the shift reflects approved financing activity or a data issue.,0.3426258992805755,annual|Commitments|country,Zambia,EASTERN AND SOUTHERN AFRICA,country,Commitments,annual,FY22,520.0,139.0,139.0,381.0,2.741007194244604,2.741007194244604,520.0,381.0,True,0.7326923076923076,0.8514115898959881,major,520.0,139.0,381.0,2.741007194244604
3275,ida_0cbb2d99648b10ce29ce,medium,MULTIVARIATE_ANOMALY,isolation_forest,Record has an unusual financial profile within its period-and-category peer segment.,relative_change normalized_deviation=13.82; year_over_year_change normalized_deviation=13.82; disbursement_commitment_ratio normalized_deviation=0.88,"Review current versus prior values, financing mix, and supporting source records.",0.740515751928929,annual|Commitments|country,Ethiopia,AFRICA,country,Commitments,annual,FY18,3122.0,903.0,903.0,2219.0,2.4573643410852712,2.4573643410852712,3122.0,1405.0,True,0.45003203074951953,0.9962852897473997,major,3122.0,903.0,2219.0,2.4573643410852712
2220,ida_b3f206e9d434f368bdac,medium,MULTIVARIATE_ANOMALY,isolation_forest,Record has an unusual financial profile within its period-and-category peer segment.,relative_change normalized_deviation=243.95; year_over_year_change normalized_deviation=243.95; development_policy_share normalized_deviation=3.82,"Review current versus prior values, financing mix, and supporting source records.",0.9391567859303634,annual|Commitments|country,Grenada,LATIN AMERICA AND CARIBBEAN,country,Commitments,annual,FY20,91.0,2.0,2.0,89.0,44.5,44.5,91.0,24.0,True,0.26373626373626374,0.6188707280832095,moderate,91.0,2.0,89.0,44.5
2172,ida_9f99651e1d03aa2dbac4,medium,MULTIVARIATE_ANOMALY,isolation_forest,Record has an unusual financial profile within its period-and-category peer segment.,disbursement_commitment_ratio normalized_deviation=11.03; development_policy_share normalized_deviation=8.69; relative_change normalized_deviation=6.94,"Review current versus prior values, financing mix, and supporting source records.",0.6781818687855863,annual|Commitments|country,India,SOUTH ASIA,country,Commitments,annual,FY20,550.0,250.0,250.0,300.0,1.2,1.2,550.0,1412.0,True,2.5672727272727274,0.8566121842496285,major,550.0,250.0,300.0,1.2
640,ida_a0165f906d4e6d56e9e1,medium,MULTIVARIATE_ANOMALY,isolation_forest,Record has an unusual financial profile within its period-and-category peer segment.,disbursement_commitment_ratio normalized_deviation=30.55; development_policy_share normalized_deviation=8.69; relative_change normalized_deviation=4.22,"Review current versus prior values, financing mix, and supporting source records.",0.7347374788635195,annual|Commitments|country,India,SOUTH ASIA,country,Commitments,annual,FY22,83.0,513.0,513.0,-430.0,-0.8382066276803118,-0.8382066276803118,83.0,501.0,True,6.036144578313253,0.6051263001485884,moderate,83.0,513.0,-430.0,-0.8382066276803118
2747,ida_7ef0bafbadbdf7305f3f,medium,MULTIVARIATE_ANOMALY,isolation_forest,Record has an unusual financial profile within its period-and-category peer segment.,disbursement_commitment_ratio normalized_deviation=25.42; development_policy_share normalized_deviation=8.69; relative_change normalized_deviation=1.98,"Review current versus prior values, financing mix, and supporting source records.",0.6711545114666103,annual|Commitments|country,India,SOUTH ASIA,country,Commitments,annual,FY24,32.0,56.0,56.0,-24.0,-0.42857142857142855,-0.42857142857142855,32.0,164.0,True,5.125,0.48811292719167904,moderate,32.0,56.0,-24.0,-0.42857142857142855
2224,ida_226c7645b5ed91ad1783,medium,MULTIVARIATE_ANOMALY,isolation_forest,Record has an unusual financial profile within its period-and-category peer segment.,relative_change normalized_deviation=70.43; year_over_year_change normalized_deviation=70.43; disbursement_commitment_ratio normalized_deviation=3.33,"Review current versus prior values, financing mix, and supporting source records.",0.6804392568121675,annual|Commitments|country,Kiribati,EAST ASIA AND PACIFIC,country,Commitments,annual,FY20,69.0,5.0,5.0,64.0,12.8,12.8,69.0,1.0,True,0.014492753623188406,0.5739227340267459,moderate,69.0,5.0,64.0,12.8
886,ida_b6ab95bdf09790c7350f,medium,MULTIVARIATE_ANOMALY,isolation_forest,Record has an unusual financial profile within its period-and-category peer segment.,disbursement_commitment_ratio normalized_deviation=3.41; program_for_results_share normalized_deviation=1.00; investment_lending_share normalized_deviation=0.50,"Review current versus prior values, financing mix, and supporting source records.",0.6702967118655385,annual|Commitments|country,Lebanon,MIDDLE EAST AND NORTH AFRICA,country,Commitments,annual,FY17,100.0,,,,,,100.0,0.0,True,0.0,0.6404160475482912,moderate,100.0,,,
1484,ida_a264ed0340b142c970fd,medium,MULTIVARIATE_ANOMALY,isolation_forest,Record has an unusual financial profile within its period-and-category peer segment.,relative_change normalized_deviation=40.51; year_over_year_change normalized_deviation=40.51; development_policy_share normalized_deviation=8.69,"Review current versus prior values, financing mix, and supporting source records.",0.7716123901636622,annual|Commitments|country,Moldova,EUROPE AND CENTRAL ASIA,country,Commitments,annual,FY25,50.0,6.0,6.0,44.0,7.333333333333333,7.333333333333333,50.0,50.0,True,1.0,0.5300891530460624,moderate,50.0,6.0,44.0,7.333333333333333
815,ida_c7798aa1e02f06d619b1,high,MULTIVARIATE_ANOMALY,isolation_forest,Record has an unusual financial profile within its period-and-category peer segment.,relative_change normalized_deviation=170.05; year_over_year_change normalized_deviation=170.05; development_policy_share normalized_deviation=1.36,"Review current versus prior values, financing mix, and supporting source records.",0.9725179234362699,annual|Commitments|country,Nepal,SOUTH ASIA,country,Commitments,annual,FY17,640.0,20.0,20.0,620.0,31.0,31.0,640.0,319.0,True,0.4984375,0.8800148588410104,major,640.0,20.0,620.0,31.0
395,ida_04b2f4987e7198333436,medium,MULTIVARIATE_ANOMALY,isolation_forest,Record has an unusual financial profile within its period-and-category peer segment.,disbursement_commitment_ratio normalized_deviation=3.02; relative_change normalized_deviation=2.81; year_over_year_change normalized_deviation=2.81,"Review current versus prior values, financing mix, and supporting source records.",0.6912632474083761,annual|Commitments|country,Nepal,SOUTH ASIA,country,Commitments,annual,FY23,320.0,763.0,763.0,-443.0,-0.580602883355177,-0.580602883355177,320.0,366.0,True,1.14375,0.788261515601783,significant,320.0,763.0,-443.0,-0.580602883355177
2151,ida_2da9d45d2b9bdb4ca4b3,high,MULTIVARIATE_ANOMALY,isolation_forest,Record has an unusual financial profile within its period-and-category peer segment.,relative_change normalized_deviation=517.13; year_over_year_change normalized_deviation=517.13; disbursement_commitment_ratio normalized_deviation=1.25,"Review current versus prior values, financing mix, and supporting source records.",0.9999999999974636,annual|Commitments|country,Nigeria,AFRICA WEST,country,Commitments,annual,FY20,2576.0,27.0,27.0,2549.0,94.4074074074074,94.4074074074074,2576.0,990.0,True,0.3843167701863354,0.9910846953937593,major,2576.0,27.0,2549.0,94.4074074074074
2647,ida_fcbdf35b20c01addf99d,medium,MULTIVARIATE_ANOMALY,isolation_forest,Record has an unusual financial profile within its period-and-category peer segment.,relative_change normalized_deviation=135.39; year_over_year_change normalized_deviation=135.39; development_policy_share normalized_deviation=1.69,"Review current versus prior values, financing mix, and supporting source records.",0.8253267872378036,annual|Commitments|country,Sao Tome and Principe,EASTERN AND SOUTHERN AFRICA,country,Commitments,annual,FY24,77.0,3.0,3.0,74.0,24.666666666666668,24.666666666666668,77.0,43.0,True,0.5584415584415584,0.5924962852897474,moderate,77.0,3.0,74.0,24.666666666666668
866,ida_d93a635d8c50b553f280,medium,MULTIVARIATE_ANOMALY,isolation_forest,Record has an unusual financial profile within its period-and-category peer segment.,relative_change normalized_deviation=93.42; year_over_year_change normalized_deviation=93.42; disbursement_commitment_ratio normalized_deviation=2.32,"Review current versus prior values, financing mix, and supporting source records.",0.7185011627305212,annual|Commitments|country,Solomon Islands,EAST ASIA AND PACIFIC,country,Commitments,annual,FY17,36.0,2.0,2.0,34.0,17.0,17.0,36.0,7.0,True,0.19444444444444445,0.5018573551263001,moderate,36.0,2.0,34.0,17.0
555,ida_e7ad7f798903de0248c6,medium,MULTIVARIATE_ANOMALY,isolation_forest,Record has an unusual financial profile within its period-and-category peer segment.,relative_change normalized_deviation=188.66; year_over_year_change normalized_deviation=188.66; disbursement_commitment_ratio normalized_deviation=2.52,"Review current versus prior values, financing mix, and supporting source records.",0.8909769662127961,annual|Commitments|country,Solomon Islands,EAST ASIA AND PACIFIC,country,Commitments,annual,FY22,177.0,5.0,5.0,172.0,34.4,34.4,177.0,28.0,True,0.15819209039548024,0.7154531946508172,significant,177.0,5.0,172.0,34.4
1815,ida_6b5cf83c18712c312b60,medium,MULTIVARIATE_ANOMALY,isolation_forest,Record has an unusual financial profile within its period-and-category peer segment.,relative_change normalized_deviation=66.82; year_over_year_change normalized_deviation=66.82; disbursement_commitment_ratio normalized_deviation=1.98,"Review current versus prior values, financing mix, and supporting source records.",0.8772105641513406,annual|Gross Disbursements|country,Afghanistan,SOUTH ASIA,country,Gross Disbursements,annual,FY24,94.0,-3.0,-3.0,97.0,32.333333333333336,32.333333333333336,84.0,94.0,True,1.119047619047619,0.6446515397082658,moderate,94.0,-3.0,97.0,32.333333333333336
2282,ida_e124c68f1c42088b0cfa,medium,MULTIVARIATE_ANOMALY,isolation_forest,Record has an unusual financial profile within its period-and-category peer segment.,relative_change normalized_deviation=21.61; year_over_year_change normalized_deviation=21.61; development_policy_share normalized_deviation=3.68,"Review current versus prior values, financing mix, and supporting source records.",0.7453155464217277,annual|Gross Disbursements|country,Bhutan,SOUTH ASIA,country,Gross Disbursements,annual,FY16,23.0,2.0,2.0,21.0,10.5,10.5,0.0,23.0,False,,0.42017828200972446,moderate,23.0,2.0,21.0,10.5
1817,ida_cf815d762ec3e741a7b4,medium,MULTIVARIATE_ANOMALY,isolation_forest,Record has an unusual financial profile within its period-and-category peer segment.,relative_change normalized_deviation=26.79; year_over_year_change normalized_deviation=26.79; development_policy_share normalized_deviation=3.78,"Review current versus prior values, financing mix, and supporting source records.",0.8829140394181425,annual|Gross Disbursements|country,Bhutan,SOUTH ASIA,country,Gross Disbursements,annual,FY24,56.0,4.0,4.0,52.0,13.0,13.0,50.0,56.0,True,1.12,0.5575364667747164,moderate,56.0,4.0,52.0,13.0
1697,ida_cb37573da0050b71fd3d,medium,MULTIVARIATE_ANOMALY,isolation_forest,Record has an unusual financial profile within its period-and-category peer segment.,disbursement_commitment_ratio normalized_deviation=2.32; relative_change normalized_deviation=2.09; year_over_year_change normalized_deviation=2.09,"Review current versus prior values, financing mix, and supporting source records.",0.7892448420972061,annual|Gross Disbursements|country,Bhutan,SOUTH ASIA,country,Gross Disbursements,annual,FY25,3.0,56.0,56.0,-53.0,-0.9464285714285714,-0.9464285714285714,414.0,3.0,True,0.007246376811594203,0.24513776337115073,limited,3.0,56.0,-53.0,-0.9464285714285714
1608,ida_09a110ea9db402f272d9,medium,MULTIVARIATE_ANOMALY,isolation_forest,Record has an unusual financial profile within its period-and-category peer segment.,relative_change normalized_deviation=27.68; year_over_year_change normalized_deviation=27.68; disbursement_commitment_ratio normalized_deviation=9.14,"Review current versus prior values, financing mix, and supporting source records.",0.8852878289099205,annual|Gross Disbursements|country,Fiji,EAST ASIA AND PACIFIC,country,Gross Disbursements,annual,FY25,101.0,7.0,7.0,94.0,13.428571428571429,13.428571428571429,34.0,101.0,True,2.9705882352941178,0.6523500810372771,significant,101.0,7.0,94.0,13.428571428571429
3223,ida_836021a4919b58e55ae8,medium,MULTIVARIATE_ANOMALY,isolation_forest,Record has an unusual financial profile within its period-and-category peer segment.,relative_change normalized_deviation=30.93; year_over_year_change normalized_deviation=30.93; development_policy_share normalized_deviation=3.96,"Review current versus prior values, financing mix, and supporting source records.",0.8445900896742878,annual|Gross Disbursements|country,Grenada,LATIN AMERICA AND CARIBBEAN,country,Gross Disbursements,annual,FY19,32.0,2.0,2.0,30.0,15.0,15.0,2.0,32.0,False,,0.4712317666126418,moderate,32.0,2.0,30.0,15.0
3236,ida_6d8fbff9ff0329602f8d,medium,MULTIVARIATE_ANOMALY,isolation_forest,Record has an unusual financial profile within its period-and-category peer segment.,relative_change normalized_deviation=5.57; year_over_year_change normalized_deviation=5.57; investment_lending_share normalized_deviation=1.07,"Review current versus prior values, financing mix, and supporting source records.",0.7449371847260264,annual|Gross Disbursements|country,Jordan,MIDDLE EAST AND NORTH AFRICA,country,Gross Disbursements,annual,FY19,30.0,8.0,8.0,22.0,2.75,2.75,0.0,30.0,False,,0.46312803889789306,moderate,30.0,8.0,22.0,2.75
2069,ida_5baea6d4ff87e5467b8f,high,MULTIVARIATE_ANOMALY,isolation_forest,Record has an unusual financial profile within its period-and-category peer segment.,relative_change normalized_deviation=151.62; year_over_year_change normalized_deviation=151.62; development_policy_share normalized_deviation=3.73,"Review current versus prior values, financing mix, and supporting source records.",0.9999999999975918,annual|Gross Disbursements|country,Somalia,AFRICA EAST,country,Gross Disbursements,annual,FY20,520.0,7.0,7.0,513.0,73.28571428571429,73.28571428571429,902.0,520.0,True,0.5764966740576497,0.8958670988654781,major,520.0,7.0,513.0,73.28571428571429
2086,ida_756778eb9adfe91e1831,medium,MULTIVARIATE_ANOMALY,isolation_forest,Record has an unusual financial profile within its period-and-category peer segment.,relative_change normalized_deviation=37.14; year_over_year_change normalized_deviation=37.14; development_policy_share normalized_deviation=2.23,"Review current versus prior values, financing mix, and supporting source records.",0.7553005055531168,annual|Gross Disbursements|country,St. Vincent and the Grenadines,LATIN AMERICA AND CARIBBEAN,country,Gross Disbursements,annual,FY20,57.0,3.0,3.0,54.0,18.0,18.0,85.0,57.0,True,0.6705882352941176,0.5648298217179902,moderate,57.0,3.0,54.0,18.0
1647,ida_3a2944d56ba9b240ae8b,medium,MULTIVARIATE_ANOMALY,isolation_forest,Record has an unusual financial profile within its period-and-category peer segment.,relative_change normalized_deviation=59.23; year_over_year_change normalized_deviation=59.23; disbursement_commitment_ratio normalized_deviation=1.30,"Review current versus prior values, financing mix, and supporting source records.",0.8314055604080373,annual|Gross Disbursements|country,Sudan,EASTERN AND SOUTHERN AFRICA,country,Gross Disbursements,annual,FY25,83.0,-3.0,-3.0,86.0,28.666666666666668,28.666666666666668,308.0,83.0,True,0.2694805194805195,0.6296596434359806,moderate,83.0,-3.0,86.0,28.666666666666668
2864,ida_a3a334f0406b476c38b0,high,MULTIVARIATE_ANOMALY,isolation_forest,Record has an unusual financial profile within its period-and-category peer segment.,relative_change normalized_deviation=76.17; year_over_year_change normalized_deviation=76.17; log1p_total normalized_deviation=0.86,"Review current versus prior values, financing mix, and supporting source records.",0.9000632816627737,annual|Gross Disbursements|country,Ukraine,EUROPE AND CENTRAL ASIA,country,Gross Disbursements,annual,FY23,984.0,26.0,26.0,958.0,36.84615384615385,36.84615384615385,0.0,984.0,False,,0.9505672609400324,major,984.0,26.0,958.0,36.84615384615385
3187,ida_90be1828dc85e038a962,high,MULTIVARIATE_ANOMALY,isolation_forest,Record has an unusual financial profile within its period-and-category peer segment.,disbursement_commitment_ratio normalized_deviation=26.75; relative_change normalized_deviation=17.13; year_over_year_change normalized_deviation=17.13,"Review current versus prior values, financing mix, and supporting source records.",0.8712920934923593,annual|Gross Disbursements|country,Uzbekistan,EUROPE AND CENTRAL ASIA,country,Gross Disbursements,annual,FY19,700.0,75.0,75.0,625.0,8.333333333333334,8.333333333333334,93.0,700.0,True,7.526881720430108,0.9254457050243112,major,700.0,75.0,625.0,8.333333333333334
897,ida_ac3ddcf490ff2684e4dd,medium,MULTIVARIATE_ANOMALY,isolation_forest,Record has an unusual financial profile within its period-and-category peer segment.,relative_change normalized_deviation=38.00; year_over_year_change normalized_deviation=38.00; disbursement_commitment_ratio normalized_deviation=0.72,"Review current versus prior values, financing mix, and supporting source records.",0.7520129904554337,annual|Gross Disbursements|country,"Yemen, Republic of",MIDDLE EAST AND NORTH AFRICA,country,Gross Disbursements,annual,FY17,330.0,17.0,17.0,313.0,18.41176470588235,18.41176470588235,783.0,330.0,True,0.421455938697318,0.8273905996758509,significant,330.0,17.0,313.0,18.41176470588235
138,ida_d33e59ac5ca9e10de24d,medium,MULTIVARIATE_ANOMALY,isolation_forest,Record has an unusual financial profile within its period-and-category peer segment.,log1p_total normalized_deviation=1.50; disbursement_commitment_ratio normalized_deviation=0.79; relative_change normalized_deviation=0.68,"Review current versus prior values, financing mix, and supporting source records.",0.7498189359538836,quarterly|Commitments|country,Benin,WESTERN AND CENTRAL AFRICA,country,Commitments,quarterly,2026-Q3,507.66,405.0,405.0,102.66000000000003,0.25348148148148153,0.25348148148148153,507.66,155.0,True,0.3053224599141157,0.9463276836158192,major,507.66,405.0,102.66000000000003,0.25348148148148153
144,ida_edeabb5bfb48eda4b26a,high,MULTIVARIATE_ANOMALY,isolation_forest,Record has an unusual financial profile within its period-and-category peer segment.,relative_change normalized_deviation=181.42; year_over_year_change normalized_deviation=181.42; investment_lending_share normalized_deviation=1.33,"Review current versus prior values, financing mix, and supporting source records.",0.9999999999975734,quarterly|Commitments|country,"Congo, Republic of",WESTERN AND CENTRAL AFRICA,country,Commitments,quarterly,2026-Q3,180.0,-1.0,-1.0,181.0,181.0,181.0,180.0,107.0,True,0.5944444444444444,0.8573446327683616,significant,180.0,-1.0,181.0,181.0
27,ida_03d079017ee3d8a355a5,medium,MULTIVARIATE_ANOMALY,isolation_forest,Record has an unusual financial profile within its period-and-category peer segment.,relative_change normalized_deviation=4.56; year_over_year_change normalized_deviation=4.56; log1p_total normalized_deviation=1.72,"Review current versus prior values, financing mix, and supporting source records.",0.8235104206404992,quarterly|Commitments|country,Kenya,EASTERN AND SOUTHERN AFRICA,country,Commitments,quarterly,2026-Q3,1285.0,250.0,250.0,1035.0,4.14,4.14,1285.0,702.0,True,0.5463035019455252,0.9830508474576272,major,1285.0,250.0,1035.0,4.14
136,ida_5945a47f2d6ca1fdce87,medium,MULTIVARIATE_ANOMALY,isolation_forest,Record has an unusual financial profile within its period-and-category peer segment.,log1p_total normalized_deviation=1.64; program_for_results_share normalized_deviation=1.00; relative_change normalized_deviation=0.39,"Review current versus prior values, financing mix, and supporting source records.",0.7233507671070438,quarterly|Commitments|country,Pakistan,"MIDDLE EAST, NORTH AFRICA, AFGHANISTAN, AND PAKISTAN",country,Commitments,quarterly,2026-Q3,903.0,930.0,930.0,-27.0,-0.02903225806451613,-0.02903225806451613,903.0,827.51,True,0.9164008859357696,0.9774011299435028,major,903.0,930.0,-27.0,-0.02903225806451613
1259,ida_0e67a1be1010bf45f5ae,medium,MULTIVARIATE_ANOMALY,isolation_forest,Record has an unusual financial profile within its period-and-category peer segment.,relative_change normalized_deviation=12.52; year_over_year_change normalized_deviation=12.52; disbursement_commitment_ratio normalized_deviation=3.40,"Review current versus prior values, financing mix, and supporting source records.",0.9999999999975209,quarterly|Gross Disbursements|country,Bhutan,SOUTH ASIA,country,Gross Disbursements,quarterly,2026-Q3,33.7,2.49,2.49,31.21,12.534136546184738,12.534136546184738,300.0,33.7,True,0.11233333333333334,0.48214285714285715,moderate,33.7,2.49,31.21,12.534136546184738
1400,ida_d5dc33adc2ef90552ee9,medium,MULTIVARIATE_ANOMALY,isolation_forest,Record has an unusual financial profile within its period-and-category peer segment.,disbursement_commitment_ratio normalized_deviation=8.73; log1p_total normalized_deviation=0.53; others_share normalized_deviation=0.32,"Review current versus prior values, financing mix, and supporting source records.",0.8079349920279058,quarterly|Gross Disbursements|country,Ghana,WESTERN AND CENTRAL AFRICA,country,Gross Disbursements,quarterly,2025-Q3,654.51,,,,,,180.0,654.51,True,3.6361666666666665,0.9330357142857143,major,654.51,,,
1220,ida_9cc57be54ff4e96bd4c5,medium,MULTIVARIATE_ANOMALY,isolation_forest,Record has an unusual financial profile within its period-and-category peer segment.,relative_change normalized_deviation=6.99; year_over_year_change normalized_deviation=6.99; development_policy_share normalized_deviation=0.89,"Review current versus prior values, financing mix, and supporting source records.",0.7858330738757944,quarterly|Gross Disbursements|country,Kosovo,EUROPE AND CENTRAL ASIA,country,Gross Disbursements,quarterly,2026-Q3,116.0,14.49,14.49,101.51,7.00552104899931,7.00552104899931,0.0,116.0,False,,0.6696428571428571,significant,116.0,14.49,101.51,7.00552104899931
