review_sample_id,country,region,entity_type,category,period_type,time_period,total,previous_total,previous_year_total,absolute_change,relative_change,year_over_year_change,commitment_total,disbursement_total,ratio_denominator_eligible,disbursement_commitment_ratio,materiality_percentile,materiality_band,row_id,severity,reason_codes,detectors,signal_count,detector_count,corroborated,anomaly_score,model_segments,messages,evidence,recommended_actions,current_amount_usd_m,comparison_amount_usd_m,change_amount_usd_m,change_percent,review_status,review_outcome,reviewer,review_notes,reviewed_at,review_confidence,evidence_url
1,Mauritania,AFRICA WEST,country,Commitments,annual,FY20,293.0,23.0,23.0,270.0,11.73913043478261,11.73913043478261,293.0,106.0,True,0.3617747440273037,0.7782317979197623,significant,2182,critical,YEAR_OVER_YEAR_SHIFT | MULTIVARIATE_ANOMALY,statistical_process_control | isolation_forest,2,2,True,1.0,annual|Commitments|country,Total changed materially from the comparable prior-year period. | Record has an unusual financial profile within its period-and-category peer segment.,total=293.00; prior_year=23.00; change=1173.9% | relative_change normalized_deviation=64.62; year_over_year_change normalized_deviation=64.62; development_policy_share normalized_deviation=1.48,"Confirm whether the shift reflects approved financing activity or a data issue. | Review current versus prior values, financing mix, and supporting source records.",293.0,23.0,270.0,11.73913043478261,in_review,needs_more_information,AI-assisted public-evidence review,"Multiple FY20 IDA approvals were identified for Mauritania, but the public evidence reviewed did not reconstruct the complete USD 293M country total. Do not attribute the movement to a single program.",2026-07-26T00:00:00Z,low,https://www.worldbank.org/en/news/press-release/2020/04/01/mauritania-to-improve-its-health-system-and-delivery-of-essential-services
2,Tanzania,AFRICA EAST,country,Commitments,annual,FY20,950.0,75.0,75.0,875.0,11.666666666666666,11.666666666666666,950.0,751.0,True,0.7905263157894736,0.9316493313521546,major,2159,critical,YEAR_OVER_YEAR_SHIFT | MULTIVARIATE_ANOMALY,statistical_process_control | isolation_forest,2,2,True,1.0,annual|Commitments|country,Total changed materially from the comparable prior-year period. | Record has an unusual financial profile within its period-and-category peer segment.,total=950.00; prior_year=75.00; change=1166.7% | relative_change normalized_deviation=64.23; year_over_year_change normalized_deviation=64.23; disbursement_commitment_ratio normalized_deviation=1.03,"Confirm whether the shift reflects approved financing activity or a data issue. | Review current versus prior values, financing mix, and supporting source records.",950.0,75.0,875.0,11.666666666666666,resolved,legitimate_exception,AI-assisted public-evidence review,"The World Bank FY2020 annual report independently lists Tanzania as an IDA top country borrower with USD 950M of commitments, matching the source record. This supports validity of the unusual movement but does not prove every underlying component.",2026-07-26T00:00:00Z,high,https://www.worldbank.org/en/about/annual-report-2020/deploying-resources-strategically
3,Liberia,AFRICA,country,Commitments,annual,FY15,257.0,22.0,22.0,235.0,10.681818181818182,10.681818181818182,257.0,184.0,True,0.7159533073929961,0.762630014858841,significant,2306,critical,YEAR_OVER_YEAR_SHIFT | MULTIVARIATE_ANOMALY,statistical_process_control | isolation_forest,2,2,True,1.0,annual|Commitments|country,Total changed materially from the comparable prior-year period. | Record has an unusual financial profile within its period-and-category peer segment.,total=257.00; prior_year=22.00; change=1068.2% | relative_change normalized_deviation=58.84; year_over_year_change normalized_deviation=58.84; development_policy_share normalized_deviation=1.01,"Confirm whether the shift reflects approved financing activity or a data issue. | Review current versus prior values, financing mix, and supporting source records.",257.0,22.0,235.0,10.681818181818182,in_review,needs_more_information,AI-assisted public-evidence review,"Public releases confirm exceptional Ebola-response and development financing around FY15, but the reviewed evidence did not reconstruct the complete USD 257M commitment total.",2026-07-26T00:00:00Z,low,https://www.worldbank.org/en/news/press-release/2014/11/12/world-bank-supports-liberias-efforts-to-improve-governance-business-climate-education-and-strengthen-health-services-in-response-to-the-ebola-crisis
4,Uzbekistan,EUROPE AND CENTRAL ASIA,country,Gross Disbursements,annual,FY19,700.0,75.0,75.0,625.0,8.333333333333334,8.333333333333334,93.0,700.0,True,7.526881720430108,0.9254457050243112,major,3187,critical,YEAR_OVER_YEAR_SHIFT | MULTIVARIATE_ANOMALY,statistical_process_control | isolation_forest,2,2,True,1.0,annual|Gross Disbursements|country,Total changed materially from the comparable prior-year period. | Record has an unusual financial profile within its period-and-category peer segment.,total=700.00; prior_year=75.00; change=833.3% | disbursement_commitment_ratio normalized_deviation=26.75; relative_change normalized_deviation=17.13; year_over_year_change normalized_deviation=17.13,"Confirm whether the shift reflects approved financing activity or a data issue. | Review current versus prior values, financing mix, and supporting source records.",700.0,75.0,625.0,8.333333333333334,in_review,needs_more_information,AI-assisted public-evidence review,"Public project and reform-financing records confirm substantial activity, but available evidence did not establish that the USD 700M gross IDA disbursement was driven by the cited operations rather than other portfolio flows.",2026-07-26T00:00:00Z,low,https://www.worldbank.org/en/news/press-release/2019/05/24/uzbekistan-institutional-capacity-building-project
5,Nepal,SOUTH ASIA,country,Commitments,annual,FY17,640.0,20.0,20.0,620.0,31.0,31.0,640.0,319.0,True,0.4984375,0.8800148588410104,major,815,critical,YEAR_OVER_YEAR_SHIFT | MULTIVARIATE_ANOMALY,statistical_process_control | isolation_forest,2,2,True,1.0,annual|Commitments|country,Total changed materially from the comparable prior-year period. | Record has an unusual financial profile within its period-and-category peer segment.,total=640.00; prior_year=20.00; change=3100.0% | relative_change normalized_deviation=170.05; year_over_year_change normalized_deviation=170.05; development_policy_share normalized_deviation=1.36,"Confirm whether the shift reflects approved financing activity or a data issue. | Review current versus prior values, financing mix, and supporting source records.",640.0,20.0,620.0,31.0,in_review,needs_more_information,AI-assisted public-evidence review,"Several large FY17 IDA credits were located, including education and financial-sector operations, but the reviewed evidence did not fully reconstruct the USD 640M annual commitment total.",2026-07-26T00:00:00Z,medium,https://www.worldbank.org/en/news/press-release/2017/03/30/world-bank-approves-credit-for-ssdp
6,Somalia,AFRICA EAST,country,Commitments,annual,FY20,902.0,98.0,98.0,804.0,8.204081632653061,8.204081632653061,902.0,520.0,True,0.5764966740576497,0.9264487369985142,major,2176,critical,YEAR_OVER_YEAR_SHIFT | MULTIVARIATE_ANOMALY,statistical_process_control | isolation_forest,2,2,True,1.0,annual|Commitments|country,Total changed materially from the comparable prior-year period. | Record has an unusual financial profile within its period-and-category peer segment.,total=902.00; prior_year=98.00; change=820.4% | relative_change normalized_deviation=45.28; year_over_year_change normalized_deviation=45.28; development_policy_share normalized_deviation=4.58,"Confirm whether the shift reflects approved financing activity or a data issue. | Review current versus prior values, financing mix, and supporting source records.",902.0,98.0,804.0,8.204081632653061,resolved,legitimate_exception,AI-assisted public-evidence review,"The World Bank FY2020 annual report lists Somalia as an IDA top borrower at approximately USD 903M, matching the USD 902M source value after rounding. Somalia also cleared arrears and restored access to IDA resources in March 2020.",2026-07-26T00:00:00Z,high,https://www.worldbank.org/en/news/press-release/2020/03/05/somalia-clears-arrears-to-world-bank-group
7,Nigeria,AFRICA WEST,country,Commitments,annual,FY20,2576.0,27.0,27.0,2549.0,94.4074074074074,94.4074074074074,2576.0,990.0,True,0.3843167701863354,0.9910846953937592,major,2151,critical,YEAR_OVER_YEAR_SHIFT | MULTIVARIATE_ANOMALY,statistical_process_control | isolation_forest,2,2,True,1.0,annual|Commitments|country,Total changed materially from the comparable prior-year period. | Record has an unusual financial profile within its period-and-category peer segment.,"total=2,576.00; prior_year=27.00; change=9440.7% | relative_change normalized_deviation=517.13; year_over_year_change normalized_deviation=517.13; disbursement_commitment_ratio normalized_deviation=1.25","Confirm whether the shift reflects approved financing activity or a data issue. | Review current versus prior values, financing mix, and supporting source records.",2576.0,27.0,2549.0,94.4074074074074,resolved,legitimate_exception,AI-assisted public-evidence review,"The World Bank FY2020 annual report independently lists Nigeria as the largest IDA country borrower with USD 2.576B of commitments, exactly matching the source record.",2026-07-26T00:00:00Z,high,https://www.worldbank.org/en/about/annual-report-2020/deploying-resources-strategically
8,Ukraine,EUROPE AND CENTRAL ASIA,country,Gross Disbursements,annual,FY23,984.0,26.0,26.0,958.0,36.84615384615385,36.84615384615385,0.0,984.0,False,,0.9505672609400324,major,2864,critical,YEAR_OVER_YEAR_SHIFT | MULTIVARIATE_ANOMALY,statistical_process_control | isolation_forest,2,2,True,1.0,annual|Gross Disbursements|country,Total changed materially from the comparable prior-year period. | Record has an unusual financial profile within its period-and-category peer segment.,total=984.00; prior_year=26.00; change=3684.6% | relative_change normalized_deviation=76.17; year_over_year_change normalized_deviation=76.17; log1p_total normalized_deviation=0.86,"Confirm whether the shift reflects approved financing activity or a data issue. | Review current versus prior values, financing mix, and supporting source records.",984.0,26.0,958.0,36.84615384615385,resolved,legitimate_exception,AI-assisted public-evidence review,"The FY23 disbursement increase is consistent with publicly documented emergency financing mobilized and disbursed for Ukraine after the 2022 invasion. The public evidence supports legitimate exceptional activity, not a source-data error.",2026-07-26T00:00:00Z,high,https://www.worldbank.org/en/news/press-release/2023/02/24/additional-2-5-billion-mobilized-by-world-bank-to-support-continuity-of-government-services-recovery-efforts-in-ukraine
9,Bhutan,SOUTH ASIA,country,Commitments,annual,FY25,414.0,50.0,50.0,364.0,7.28,7.28,414.0,3.0,True,0.0072463768115942,0.8224368499257058,significant,1599,high,YEAR_OVER_YEAR_SHIFT,statistical_process_control,1,1,False,0.91,annual|Commitments|country,Total changed materially from the comparable prior-year period.,total=414.00; prior_year=50.00; change=728.0%,Confirm whether the shift reflects approved financing activity or a data issue.,414.0,50.0,364.0,7.28,in_review,needs_more_information,AI-assisted data-only triage,The movement is internally consistent but its underlying project or country-program driver was not established in this data-only triage.,2026-07-26T00:00:00Z,low,https://financesone.worldbank.org/ida-commitments-and-disbursements-country-economy-summary/DS01557
10,Guinea,WESTERN AND CENTRAL AFRICA,country,Commitments,annual,FY23,206.0,25.0,25.0,181.0,7.24,7.24,206.0,114.0,True,0.5533980582524272,0.7355126300148589,significant,411,high,YEAR_OVER_YEAR_SHIFT,statistical_process_control,1,1,False,0.905,annual|Commitments|country,Total changed materially from the comparable prior-year period.,total=206.00; prior_year=25.00; change=724.0%,Confirm whether the shift reflects approved financing activity or a data issue.,206.0,25.0,181.0,7.24,in_review,needs_more_information,AI-assisted data-only triage,The movement is internally consistent but its underlying project or country-program driver was not established in this data-only triage.,2026-07-26T00:00:00Z,low,https://financesone.worldbank.org/ida-commitments-and-disbursements-country-economy-summary/DS01557
11,Kenya,EASTERN AND SOUTHERN AFRICA,country,Commitments,quarterly,2026-Q3,1285.0,250.0,250.0,1035.0,4.14,4.14,1285.0,702.0,True,0.5463035019455252,0.9830508474576272,major,27,high,YEAR_OVER_YEAR_SHIFT | MULTIVARIATE_ANOMALY,statistical_process_control | isolation_forest,2,2,True,0.8235104206404992,quarterly|Commitments|country,Total changed materially from the comparable prior-year period. | Record has an unusual financial profile within its period-and-category peer segment.,"total=1,285.00; prior_year=250.00; change=414.0% | relative_change normalized_deviation=4.56; year_over_year_change normalized_deviation=4.56; log1p_total normalized_deviation=1.72","Confirm whether the shift reflects approved financing activity or a data issue. | Review current versus prior values, financing mix, and supporting source records.",1285.0,250.0,1035.0,4.14,in_review,needs_more_information,AI-assisted data-only triage,The movement is internally consistent but its underlying project or country-program driver was not established in this data-only triage.,2026-07-26T00:00:00Z,low,https://financesone.worldbank.org/ida-commitments-and-disbursements-country-economy-summary/DS01557
12,Malawi,AFRICA,country,Commitments,annual,FY17,421.0,52.0,52.0,369.0,7.096153846153846,7.096153846153846,421.0,237.0,True,0.5629453681710214,0.826151560178306,significant,827,high,YEAR_OVER_YEAR_SHIFT,statistical_process_control,1,1,False,0.8870192307692307,annual|Commitments|country,Total changed materially from the comparable prior-year period.,total=421.00; prior_year=52.00; change=709.6%,Confirm whether the shift reflects approved financing activity or a data issue.,421.0,52.0,369.0,7.096153846153846,in_review,needs_more_information,AI-assisted data-only triage,The movement is internally consistent but its underlying project or country-program driver was not established in this data-only triage.,2026-07-26T00:00:00Z,low,https://financesone.worldbank.org/ida-commitments-and-disbursements-country-economy-summary/DS01557
13,Somalia,AFRICA EAST,country,Gross Disbursements,annual,FY20,520.0,7.0,7.0,513.0,73.28571428571429,73.28571428571429,902.0,520.0,True,0.5764966740576497,0.8958670988654781,major,2069,high,MULTIVARIATE_ANOMALY,isolation_forest,1,1,False,0.9999999999975918,annual|Gross Disbursements|country,Record has an unusual financial profile within its period-and-category peer segment.,relative_change normalized_deviation=151.62; year_over_year_change normalized_deviation=151.62; development_policy_share normalized_deviation=3.73,"Review current versus prior values, financing mix, and supporting source records.",520.0,7.0,513.0,73.28571428571429,in_review,needs_more_information,AI-assisted data-only triage,The multivariate model signal alone is insufficient to distinguish a useful legitimate exception from a false positive without source and business context.,2026-07-26T00:00:00Z,low,https://financesone.worldbank.org/ida-commitments-and-disbursements-country-economy-summary/DS01557
14,Honduras,LATIN AMERICA AND CARIBBEAN,country,Commitments,annual,FY25,332.0,40.0,40.0,292.0,7.3,7.3,332.0,220.0,True,0.6626506024096386,0.7942050520059435,significant,1521,high,YEAR_OVER_YEAR_SHIFT,statistical_process_control,1,1,False,0.9125,annual|Commitments|country,Total changed materially from the comparable prior-year period.,total=332.00; prior_year=40.00; change=730.0%,Confirm whether the shift reflects approved financing activity or a data issue.,332.0,40.0,292.0,7.3,in_review,needs_more_information,AI-assisted data-only triage,The movement is internally consistent but its underlying project or country-program driver was not established in this data-only triage.,2026-07-26T00:00:00Z,low,https://financesone.worldbank.org/ida-commitments-and-disbursements-country-economy-summary/DS01557
15,Ethiopia,EASTERN AND SOUTHERN AFRICA,country,Commitments,quarterly,2026-Q3,2149.0,2380.0,2380.0,-231.0,-0.0970588235294117,-0.0970588235294117,2149.0,1976.0,True,0.9194974406700792,0.9915254237288136,major,26,high,NEGATIVE_AMOUNT | MULTIVARIATE_ANOMALY,rule | isolation_forest,2,2,True,0.6513162260116658,quarterly|Commitments|country,others is negative and may represent a correction or reversal. | Record has an unusual financial profile within its period-and-category peer segment.,others=-0.20 | log1p_total normalized_deviation=1.85; investment_lending_share normalized_deviation=0.47; development_policy_share normalized_deviation=0.47,"Confirm the adjustment against source documentation before reporting. | Review current versus prior values, financing mix, and supporting source records.",2149.0,2380.0,-231.0,-0.0970588235294117,in_review,needs_more_information,AI-assisted data-only triage,The negative value may represent a correction or reversal. Source transaction or adjustment documentation is required before classification.,2026-07-26T00:00:00Z,low,https://financesone.worldbank.org/ida-commitments-and-disbursements-country-economy-summary/DS01557
16,Kosovo,EUROPE AND CENTRAL ASIA,country,Commitments,annual,FY24,140.0,20.0,20.0,120.0,6.0,6.0,140.0,26.0,True,0.1857142857142857,0.6905646359583952,significant,2679,high,YEAR_OVER_YEAR_SHIFT | MULTIVARIATE_ANOMALY,statistical_process_control | isolation_forest,2,2,True,0.75,annual|Commitments|country,Total changed materially from the comparable prior-year period. | Record has an unusual financial profile within its period-and-category peer segment.,total=140.00; prior_year=20.00; change=600.0% | relative_change normalized_deviation=33.21; year_over_year_change normalized_deviation=33.21; development_policy_share normalized_deviation=6.21,"Confirm whether the shift reflects approved financing activity or a data issue. | Review current versus prior values, financing mix, and supporting source records.",140.0,20.0,120.0,6.0,in_review,needs_more_information,AI-assisted data-only triage,The movement is internally consistent but its underlying project or country-program driver was not established in this data-only triage.,2026-07-26T00:00:00Z,low,https://financesone.worldbank.org/ida-commitments-and-disbursements-country-economy-summary/DS01557
17,Central African Republic,AFRICA,country,Commitments,annual,FY17,143.0,20.0,20.0,123.0,6.15,6.15,143.0,36.0,True,0.2517482517482518,0.6920505200594353,significant,846,high,YEAR_OVER_YEAR_SHIFT,statistical_process_control,1,1,False,0.76875,annual|Commitments|country,Total changed materially from the comparable prior-year period.,total=143.00; prior_year=20.00; change=615.0%,Confirm whether the shift reflects approved financing activity or a data issue.,143.0,20.0,123.0,6.15,in_review,needs_more_information,AI-assisted data-only triage,The movement is internally consistent but its underlying project or country-program driver was not established in this data-only triage.,2026-07-26T00:00:00Z,low,https://financesone.worldbank.org/ida-commitments-and-disbursements-country-economy-summary/DS01557
18,"Yemen, Republic of",MIDDLE EAST AND NORTH AFRICA,country,Commitments,annual,FY21,613.0,52.0,52.0,561.0,10.788461538461538,10.788461538461538,613.0,299.0,True,0.4877650897226753,0.8722139673105498,major,1998,high,YEAR_OVER_YEAR_SHIFT,statistical_process_control,1,1,False,1.0,annual|Commitments|country,Total changed materially from the comparable prior-year period.,total=613.00; prior_year=52.00; change=1078.8%,Confirm whether the shift reflects approved financing activity or a data issue.,613.0,52.0,561.0,10.788461538461538,in_review,needs_more_information,AI-assisted data-only triage,The movement is internally consistent but its underlying project or country-program driver was not established in this data-only triage.,2026-07-26T00:00:00Z,low,https://financesone.worldbank.org/ida-commitments-and-disbursements-country-economy-summary/DS01557
19,Nigeria,WESTERN AND CENTRAL AFRICA,country,Commitments,annual,FY21,2875.0,2576.0,2576.0,299.0,0.1160714285714285,0.1160714285714285,2875.0,1391.0,True,0.4838260869565217,0.9940564635958395,major,2029,medium,MULTIVARIATE_ANOMALY,isolation_forest,1,1,False,0.6652178178847312,annual|Commitments|country,Record has an unusual financial profile within its period-and-category peer segment.,relative_change normalized_deviation=1.00; year_over_year_change normalized_deviation=1.00; log1p_total normalized_deviation=0.80,"Review current versus prior values, financing mix, and supporting source records.",2875.0,2576.0,299.0,0.1160714285714285,in_review,needs_more_information,AI-assisted data-only triage,The multivariate model signal alone is insufficient to distinguish a useful legitimate exception from a false positive without source and business context.,2026-07-26T00:00:00Z,low,https://financesone.worldbank.org/ida-commitments-and-disbursements-country-economy-summary/DS01557
20,India,SOUTH ASIA,country,Commitments,annual,FY23,56.0,83.0,83.0,-27.0,-0.3253012048192771,-0.3253012048192771,56.0,270.0,True,4.821428571428571,0.5460624071322436,moderate,393,medium,MULTIVARIATE_ANOMALY,isolation_forest,1,1,False,0.6551631785852553,annual|Commitments|country,Record has an unusual financial profile within its period-and-category peer segment.,disbursement_commitment_ratio normalized_deviation=23.71; development_policy_share normalized_deviation=8.69; relative_change normalized_deviation=1.41,"Review current versus prior values, financing mix, and supporting source records.",56.0,83.0,-27.0,-0.3253012048192771,in_review,needs_more_information,AI-assisted data-only triage,The multivariate model signal alone is insufficient to distinguish a useful legitimate exception from a false positive without source and business context.,2026-07-26T00:00:00Z,low,https://financesone.worldbank.org/ida-commitments-and-disbursements-country-economy-summary/DS01557
21,Bhutan,SOUTH ASIA,country,Gross Disbursements,annual,FY24,56.0,4.0,4.0,52.0,13.0,13.0,50.0,56.0,True,1.12,0.5575364667747164,moderate,1817,medium,MULTIVARIATE_ANOMALY,isolation_forest,1,1,False,0.8829140394181425,annual|Gross Disbursements|country,Record has an unusual financial profile within its period-and-category peer segment.,relative_change normalized_deviation=26.79; year_over_year_change normalized_deviation=26.79; development_policy_share normalized_deviation=3.78,"Review current versus prior values, financing mix, and supporting source records.",56.0,4.0,52.0,13.0,in_review,needs_more_information,AI-assisted data-only triage,The multivariate model signal alone is insufficient to distinguish a useful legitimate exception from a false positive without source and business context.,2026-07-26T00:00:00Z,low,https://financesone.worldbank.org/ida-commitments-and-disbursements-country-economy-summary/DS01557
22,Guinea,AFRICA,country,Gross Disbursements,annual,FY15,148.0,26.0,26.0,122.0,4.6923076923076925,4.6923076923076925,237.0,148.0,True,0.6244725738396625,0.7196110210696921,significant,2384,medium,YEAR_OVER_YEAR_SHIFT,statistical_process_control,1,1,False,0.5865384615384616,annual|Gross Disbursements|country,Total changed materially from the comparable prior-year period.,total=148.00; prior_year=26.00; change=469.2%,Confirm whether the shift reflects approved financing activity or a data issue.,148.0,26.0,122.0,4.6923076923076925,in_review,needs_more_information,AI-assisted data-only triage,The movement is internally consistent but its underlying project or country-program driver was not established in this data-only triage.,2026-07-26T00:00:00Z,low,https://financesone.worldbank.org/ida-commitments-and-disbursements-country-economy-summary/DS01557
23,Nigeria,AFRICA,country,Gross Disbursements,annual,FY19,1202.0,779.0,779.0,423.0,0.5430038510911425,0.5430038510911425,27.0,1202.0,True,44.51851851851852,0.9627228525121556,major,3163,medium,MULTIVARIATE_ANOMALY,isolation_forest,1,1,False,0.7209495065378143,annual|Gross Disbursements|country,Record has an unusual financial profile within its period-and-category peer segment.,disbursement_commitment_ratio normalized_deviation=169.71; relative_change normalized_deviation=1.00; year_over_year_change normalized_deviation=1.00,"Review current versus prior values, financing mix, and supporting source records.",1202.0,779.0,423.0,0.5430038510911425,in_review,needs_more_information,AI-assisted data-only triage,The multivariate model signal alone is insufficient to distinguish a useful legitimate exception from a false positive without source and business context.,2026-07-26T00:00:00Z,low,https://financesone.worldbank.org/ida-commitments-and-disbursements-country-economy-summary/DS01557
24,Mozambique,AFRICA,country,Commitments,annual,FY18,525.0,104.0,104.0,421.0,4.048076923076923,4.048076923076923,525.0,244.0,True,0.4647619047619047,0.8532689450222882,major,3280,medium,YEAR_OVER_YEAR_SHIFT,statistical_process_control,1,1,False,0.5060096153846154,annual|Commitments|country,Total changed materially from the comparable prior-year period.,total=525.00; prior_year=104.00; change=404.8%,Confirm whether the shift reflects approved financing activity or a data issue.,525.0,104.0,421.0,4.048076923076923,in_review,needs_more_information,AI-assisted data-only triage,The movement is internally consistent but its underlying project or country-program driver was not established in this data-only triage.,2026-07-26T00:00:00Z,low,https://financesone.worldbank.org/ida-commitments-and-disbursements-country-economy-summary/DS01557
25,Uzbekistan,EUROPE AND CENTRAL ASIA,country,Commitments,annual,FY17,323.0,76.0,76.0,247.0,3.25,3.25,323.0,95.0,True,0.2941176470588235,0.7901188707280832,significant,814,medium,YEAR_OVER_YEAR_SHIFT,statistical_process_control,1,1,False,0.40625,annual|Commitments|country,Total changed materially from the comparable prior-year period.,total=323.00; prior_year=76.00; change=325.0%,Confirm whether the shift reflects approved financing activity or a data issue.,323.0,76.0,247.0,3.25,in_review,needs_more_information,AI-assisted data-only triage,The movement is internally consistent but its underlying project or country-program driver was not established in this data-only triage.,2026-07-26T00:00:00Z,low,https://financesone.worldbank.org/ida-commitments-and-disbursements-country-economy-summary/DS01557
26,Bhutan,SOUTH ASIA,country,Gross Disbursements,annual,FY25,3.0,56.0,56.0,-53.0,-0.9464285714285714,-0.9464285714285714,414.0,3.0,True,0.0072463768115942,0.2451377633711507,limited,1697,medium,MULTIVARIATE_ANOMALY,isolation_forest,1,1,False,0.7892448420972061,annual|Gross Disbursements|country,Record has an unusual financial profile within its period-and-category peer segment.,disbursement_commitment_ratio normalized_deviation=2.32; relative_change normalized_deviation=2.09; year_over_year_change normalized_deviation=2.09,"Review current versus prior values, financing mix, and supporting source records.",3.0,56.0,-53.0,-0.9464285714285714,in_review,needs_more_information,AI-assisted data-only triage,The multivariate model signal alone is insufficient to distinguish a useful legitimate exception from a false positive without source and business context.,2026-07-26T00:00:00Z,low,https://financesone.worldbank.org/ida-commitments-and-disbursements-country-economy-summary/DS01557
27,India,SOUTH ASIA,country,Commitments,annual,FY20,550.0,250.0,250.0,300.0,1.2,1.2,550.0,1412.0,True,2.567272727272728,0.8566121842496285,major,2172,medium,MULTIVARIATE_ANOMALY,isolation_forest,1,1,False,0.6781818687855863,annual|Commitments|country,Record has an unusual financial profile within its period-and-category peer segment.,disbursement_commitment_ratio normalized_deviation=11.03; development_policy_share normalized_deviation=8.69; relative_change normalized_deviation=6.94,"Review current versus prior values, financing mix, and supporting source records.",550.0,250.0,300.0,1.2,in_review,needs_more_information,AI-assisted data-only triage,The multivariate model signal alone is insufficient to distinguish a useful legitimate exception from a false positive without source and business context.,2026-07-26T00:00:00Z,low,https://financesone.worldbank.org/ida-commitments-and-disbursements-country-economy-summary/DS01557
28,Myanmar,EAST ASIA AND PACIFIC,country,Gross Disbursements,quarterly,2025-Q3,-5.0,,,,,,0.0,-5.0,False,,0.0089285714285714,limited,1300,medium,NEGATIVE_AMOUNT,rule,2,1,False,,,investment_lending is negative and may represent a correction or reversal. | total is negative and may represent a correction or reversal.,investment_lending=-5.00 | total=-5.00,Confirm the adjustment against source documentation before reporting.,-5.0,,,,in_review,needs_more_information,AI-assisted data-only triage,The negative value may represent a correction or reversal. Source transaction or adjustment documentation is required before classification.,2026-07-26T00:00:00Z,low,https://financesone.worldbank.org/ida-commitments-and-disbursements-country-economy-summary/DS01557
29,Zambia,AFRICA EAST,country,Commitments,annual,FY20,382.0,100.0,100.0,282.0,2.82,2.82,382.0,126.0,True,0.3298429319371728,0.8153789004457652,significant,2193,medium,YEAR_OVER_YEAR_SHIFT,statistical_process_control,1,1,False,0.3525,annual|Commitments|country,Total changed materially from the comparable prior-year period.,total=382.00; prior_year=100.00; change=282.0%,Confirm whether the shift reflects approved financing activity or a data issue.,382.0,100.0,282.0,2.82,in_review,needs_more_information,AI-assisted data-only triage,The movement is internally consistent but its underlying project or country-program driver was not established in this data-only triage.,2026-07-26T00:00:00Z,low,https://financesone.worldbank.org/ida-commitments-and-disbursements-country-economy-summary/DS01557
30,Bhutan,SOUTH ASIA,country,Gross Disbursements,quarterly,2026-Q3,33.7,2.49,2.49,31.21,12.534136546184738,12.534136546184738,300.0,33.7,True,0.1123333333333333,0.4821428571428571,moderate,1259,medium,MULTIVARIATE_ANOMALY,isolation_forest,1,1,False,0.9999999999975208,quarterly|Gross Disbursements|country,Record has an unusual financial profile within its period-and-category peer segment.,relative_change normalized_deviation=12.52; year_over_year_change normalized_deviation=12.52; disbursement_commitment_ratio normalized_deviation=3.40,"Review current versus prior values, financing mix, and supporting source records.",33.7,2.49,31.21,12.534136546184738,in_review,needs_more_information,AI-assisted data-only triage,The multivariate model signal alone is insufficient to distinguish a useful legitimate exception from a false positive without source and business context.,2026-07-26T00:00:00Z,low,https://financesone.worldbank.org/ida-commitments-and-disbursements-country-economy-summary/DS01557
