record_key,row_id,review_status,review_outcome,reviewer,review_notes,reviewed_at,review_confidence,evidence_url
ida_af8984f7be41ed9a8af2,2182,in_review,needs_more_information,AI-assisted public-evidence review,"Multiple FY20 IDA approvals were identified for Mauritania, but the public evidence reviewed did not reconstruct the complete USD 293M country total. Do not attribute the movement to a single program.",2026-07-26T00:00:00Z,low,https://www.worldbank.org/en/news/press-release/2020/04/01/mauritania-to-improve-its-health-system-and-delivery-of-essential-services
ida_3ad76f4c6d16b77078e0,2159,resolved,legitimate_exception,AI-assisted public-evidence review,"The World Bank FY2020 annual report independently lists Tanzania as an IDA top country borrower with USD 950M of commitments, matching the source record. This supports validity of the unusual movement but does not prove every underlying component.",2026-07-26T00:00:00Z,high,https://www.worldbank.org/en/about/annual-report-2020/deploying-resources-strategically
ida_ac58915f3a004f88a9e8,2306,in_review,needs_more_information,AI-assisted public-evidence review,"Public releases confirm exceptional Ebola-response and development financing around FY15, but the reviewed evidence did not reconstruct the complete USD 257M commitment total.",2026-07-26T00:00:00Z,low,https://www.worldbank.org/en/news/press-release/2014/11/12/world-bank-supports-liberias-efforts-to-improve-governance-business-climate-education-and-strengthen-health-services-in-response-to-the-ebola-crisis
ida_90be1828dc85e038a962,3187,in_review,needs_more_information,AI-assisted public-evidence review,"Public project and reform-financing records confirm substantial activity, but available evidence did not establish that the USD 700M gross IDA disbursement was driven by the cited operations rather than other portfolio flows.",2026-07-26T00:00:00Z,low,https://www.worldbank.org/en/news/press-release/2019/05/24/uzbekistan-institutional-capacity-building-project
ida_c7798aa1e02f06d619b1,815,in_review,needs_more_information,AI-assisted public-evidence review,"Several large FY17 IDA credits were located, including education and financial-sector operations, but the reviewed evidence did not fully reconstruct the USD 640M annual commitment total.",2026-07-26T00:00:00Z,medium,https://www.worldbank.org/en/news/press-release/2017/03/30/world-bank-approves-credit-for-ssdp
ida_69da0d77445aa7d7865d,2176,resolved,legitimate_exception,AI-assisted public-evidence review,"The World Bank FY2020 annual report lists Somalia as an IDA top borrower at approximately USD 903M, matching the USD 902M source value after rounding. Somalia also cleared arrears and restored access to IDA resources in March 2020.",2026-07-26T00:00:00Z,high,https://www.worldbank.org/en/news/press-release/2020/03/05/somalia-clears-arrears-to-world-bank-group
ida_2da9d45d2b9bdb4ca4b3,2151,resolved,legitimate_exception,AI-assisted public-evidence review,"The World Bank FY2020 annual report independently lists Nigeria as the largest IDA country borrower with USD 2.576B of commitments, exactly matching the source record.",2026-07-26T00:00:00Z,high,https://www.worldbank.org/en/about/annual-report-2020/deploying-resources-strategically
ida_a3a334f0406b476c38b0,2864,resolved,legitimate_exception,AI-assisted public-evidence review,"The FY23 disbursement increase is consistent with publicly documented emergency financing mobilized and disbursed for Ukraine after the 2022 invasion. The public evidence supports legitimate exceptional activity, not a source-data error.",2026-07-26T00:00:00Z,high,https://www.worldbank.org/en/news/press-release/2023/02/24/additional-2-5-billion-mobilized-by-world-bank-to-support-continuity-of-government-services-recovery-efforts-in-ukraine
ida_bbc59cb7fdc558d79170,1599,in_review,needs_more_information,AI-assisted data-only triage,The movement is internally consistent but its underlying project or country-program driver was not established in this data-only triage.,2026-07-26T00:00:00Z,low,https://financesone.worldbank.org/ida-commitments-and-disbursements-country-economy-summary/DS01557
ida_2edadf9a20d34e49e843,411,in_review,needs_more_information,AI-assisted data-only triage,The movement is internally consistent but its underlying project or country-program driver was not established in this data-only triage.,2026-07-26T00:00:00Z,low,https://financesone.worldbank.org/ida-commitments-and-disbursements-country-economy-summary/DS01557
ida_03d079017ee3d8a355a5,27,in_review,needs_more_information,AI-assisted data-only triage,The movement is internally consistent but its underlying project or country-program driver was not established in this data-only triage.,2026-07-26T00:00:00Z,low,https://financesone.worldbank.org/ida-commitments-and-disbursements-country-economy-summary/DS01557
ida_6403b56618da8b1c1310,827,in_review,needs_more_information,AI-assisted data-only triage,The movement is internally consistent but its underlying project or country-program driver was not established in this data-only triage.,2026-07-26T00:00:00Z,low,https://financesone.worldbank.org/ida-commitments-and-disbursements-country-economy-summary/DS01557
ida_5baea6d4ff87e5467b8f,2069,in_review,needs_more_information,AI-assisted data-only triage,The multivariate model signal alone is insufficient to distinguish a useful legitimate exception from a false positive without source and business context.,2026-07-26T00:00:00Z,low,https://financesone.worldbank.org/ida-commitments-and-disbursements-country-economy-summary/DS01557
ida_5dbe7e549a288107fdc4,1521,in_review,needs_more_information,AI-assisted data-only triage,The movement is internally consistent but its underlying project or country-program driver was not established in this data-only triage.,2026-07-26T00:00:00Z,low,https://financesone.worldbank.org/ida-commitments-and-disbursements-country-economy-summary/DS01557
ida_abd3259c8f656b83a7fb,26,in_review,needs_more_information,AI-assisted data-only triage,The negative value may represent a correction or reversal. Source transaction or adjustment documentation is required before classification.,2026-07-26T00:00:00Z,low,https://financesone.worldbank.org/ida-commitments-and-disbursements-country-economy-summary/DS01557
ida_aea3ec12d7cb9e6a3e41,2679,in_review,needs_more_information,AI-assisted data-only triage,The movement is internally consistent but its underlying project or country-program driver was not established in this data-only triage.,2026-07-26T00:00:00Z,low,https://financesone.worldbank.org/ida-commitments-and-disbursements-country-economy-summary/DS01557
ida_f9242338e00010319ef6,846,in_review,needs_more_information,AI-assisted data-only triage,The movement is internally consistent but its underlying project or country-program driver was not established in this data-only triage.,2026-07-26T00:00:00Z,low,https://financesone.worldbank.org/ida-commitments-and-disbursements-country-economy-summary/DS01557
ida_b2d42aa7fb62c5a8d729,1998,in_review,needs_more_information,AI-assisted data-only triage,The movement is internally consistent but its underlying project or country-program driver was not established in this data-only triage.,2026-07-26T00:00:00Z,low,https://financesone.worldbank.org/ida-commitments-and-disbursements-country-economy-summary/DS01557
ida_a2fafcba87fe60f2d794,2029,in_review,needs_more_information,AI-assisted data-only triage,The multivariate model signal alone is insufficient to distinguish a useful legitimate exception from a false positive without source and business context.,2026-07-26T00:00:00Z,low,https://financesone.worldbank.org/ida-commitments-and-disbursements-country-economy-summary/DS01557
ida_72f83d84dfa9101ff39d,393,in_review,needs_more_information,AI-assisted data-only triage,The multivariate model signal alone is insufficient to distinguish a useful legitimate exception from a false positive without source and business context.,2026-07-26T00:00:00Z,low,https://financesone.worldbank.org/ida-commitments-and-disbursements-country-economy-summary/DS01557
ida_cf815d762ec3e741a7b4,1817,in_review,needs_more_information,AI-assisted data-only triage,The multivariate model signal alone is insufficient to distinguish a useful legitimate exception from a false positive without source and business context.,2026-07-26T00:00:00Z,low,https://financesone.worldbank.org/ida-commitments-and-disbursements-country-economy-summary/DS01557
ida_e5b1744cf960312a52f5,2384,in_review,needs_more_information,AI-assisted data-only triage,The movement is internally consistent but its underlying project or country-program driver was not established in this data-only triage.,2026-07-26T00:00:00Z,low,https://financesone.worldbank.org/ida-commitments-and-disbursements-country-economy-summary/DS01557
ida_311052d0d85092a762b0,3163,in_review,needs_more_information,AI-assisted data-only triage,The multivariate model signal alone is insufficient to distinguish a useful legitimate exception from a false positive without source and business context.,2026-07-26T00:00:00Z,low,https://financesone.worldbank.org/ida-commitments-and-disbursements-country-economy-summary/DS01557
ida_3b66e663797f12c10ebb,3280,in_review,needs_more_information,AI-assisted data-only triage,The movement is internally consistent but its underlying project or country-program driver was not established in this data-only triage.,2026-07-26T00:00:00Z,low,https://financesone.worldbank.org/ida-commitments-and-disbursements-country-economy-summary/DS01557
ida_a6d4ffaff5ef7f650037,814,in_review,needs_more_information,AI-assisted data-only triage,The movement is internally consistent but its underlying project or country-program driver was not established in this data-only triage.,2026-07-26T00:00:00Z,low,https://financesone.worldbank.org/ida-commitments-and-disbursements-country-economy-summary/DS01557
ida_cb37573da0050b71fd3d,1697,in_review,needs_more_information,AI-assisted data-only triage,The multivariate model signal alone is insufficient to distinguish a useful legitimate exception from a false positive without source and business context.,2026-07-26T00:00:00Z,low,https://financesone.worldbank.org/ida-commitments-and-disbursements-country-economy-summary/DS01557
ida_9f99651e1d03aa2dbac4,2172,in_review,needs_more_information,AI-assisted data-only triage,The multivariate model signal alone is insufficient to distinguish a useful legitimate exception from a false positive without source and business context.,2026-07-26T00:00:00Z,low,https://financesone.worldbank.org/ida-commitments-and-disbursements-country-economy-summary/DS01557
ida_5ffd76429390bf2ec553,1300,in_review,needs_more_information,AI-assisted data-only triage,The negative value may represent a correction or reversal. Source transaction or adjustment documentation is required before classification.,2026-07-26T00:00:00Z,low,https://financesone.worldbank.org/ida-commitments-and-disbursements-country-economy-summary/DS01557
ida_8f8e74694cc82edabd9d,2193,in_review,needs_more_information,AI-assisted data-only triage,The movement is internally consistent but its underlying project or country-program driver was not established in this data-only triage.,2026-07-26T00:00:00Z,low,https://financesone.worldbank.org/ida-commitments-and-disbursements-country-economy-summary/DS01557
ida_0e67a1be1010bf45f5ae,1259,in_review,needs_more_information,AI-assisted data-only triage,The multivariate model signal alone is insufficient to distinguish a useful legitimate exception from a false positive without source and business context.,2026-07-26T00:00:00Z,low,https://financesone.worldbank.org/ida-commitments-and-disbursements-country-economy-summary/DS01557
